model,N,M,workers,alg,init-mstime,insert-num,remove-num,mstime,V*,V+,S,tag,assert,date
ba-1m-8m,1000000,7999964,1,2,769.987388,100000,0,2137.138068,21975,112050,1858021,0,-1,2021-08-18.22:38:16
baidu,2141301,17794839,1,2,1665.946645,100000,0,502.242041,102719,124311,14598085,0,-1,2021-08-18.22:38:49
dbpedia,3966925,13820853,1,2,2193.793240,100000,0,635.407904,101609,117978,1758769,0,-1,2021-08-18.22:39:13
er-1m-8m,1000000,8000000,1,2,1003.028742,100000,0,949.744936,39438,55136,663152,0,-1,2021-08-18.22:39:36
livej,4847571,68993773,1,2,5049.702383,100000,0,1054.647565,113109,140625,11024715,0,-1,2021-08-18.22:40:44
patent,6009555,16518948,1,2,3599.490575,100000,0,995.458592,107430,158375,2429648,0,-1,2021-08-18.22:41:47
pokec,1632804,30622564,1,2,2188.230121,100000,0,601.726928,86558,127678,6194129,0,-1,2021-08-18.22:42:24
rmat-1m-8m,999760,7810950,1,2,539.592896,100000,0,482.611421,100558,120548,30778090,0,-1,2021-08-18.22:42:29
ssca2,1048577,157877986,1,2,1419.056219,100000,0,2398.784063,1589692,1649666,125276686,0,-1,2021-08-18.22:43:51
wiki-links,5710993,130160392,1,2,9266.457989,100000,0,1107.888742,185791,202380,53806391,0,-1,2021-08-18.22:46:48
wikitalk,2394385,5021410,1,2,805.436647,100000,0,486.865529,100565,105659,14714008,0,-1,2021-08-18.22:47:02
wiki_talk_en,2987536,24981163,1,2,1101.149244,100000,0,631.824994,99961,105769,21295302,0,-1,2021-08-18.22:47:21
ba-1m-8m,1000000,7999964,1,3,856.262135,100000,0,326.804226,21920,167526,1869143,362803,-1,2021-08-18.22:47:27
baidu,2141301,17794839,1,3,1569.862095,100000,0,374.885297,102933,137075,14536982,816665,-1,2021-08-18.22:48:00
dbpedia,3966925,13820853,1,3,1986.103988,100000,0,144.802389,101069,128291,1649743,1110373,-1,2021-08-18.22:48:20
er-1m-8m,1000000,8000000,1,3,1174.095834,100000,0,105.950712,39427,67087,666171,433324,-1,2021-08-18.22:48:32
livej,4847571,68993773,1,3,5166.862866,100000,0,498.835239,114984,160533,11639382,779089,-1,2021-08-18.22:49:44
patent,6009555,16518948,1,3,3802.907213,100000,0,279.796725,108114,186143,2517143,1038476,-1,2021-08-18.22:50:41
pokec,1632804,30622564,1,3,2325.934402,100000,0,272.425158,86306,149250,6204214,721662,-1,2021-08-18.22:51:13
rmat-1m-8m,999760,7810950,1,3,539.424123,100000,0,448.912284,100866,134627,31446286,638034,-1,2021-08-18.22:51:25
ssca2,1048577,157877986,1,3,2222.871512,100000,0,11028.007881,1584129,1676697,125666048,11948756,-1,2021-08-18.22:52:49
wiki-links,5710993,130160392,1,3,10272.963961,100000,0,5331.881953,186014,214640,56759895,762742,-1,2021-08-18.22:55:39
wikitalk,2394385,5021410,1,3,659.575777,100000,0,305.196180,100630,109549,15323857,1075356,-1,2021-08-18.22:55:43
wiki_talk_en,2987536,24981163,1,3,871.184650,100000,0,442.922721,99991,109677,21623570,947581,-1,2021-08-18.22:55:52
ba-1m-8m,1000000,7999964,1,2,772.385553,0,100000,449.035919,21972,0,154155,0,-1,2021-08-18.22:56:08
baidu,2141301,17794839,1,2,1651.485421,0,100000,434.400938,98377,0,5881566,0,-1,2021-08-18.22:56:41
dbpedia,3966925,13820853,1,2,2196.867398,0,100000,919.918892,100661,0,964458,0,-1,2021-08-18.22:57:04
er-1m-8m,1000000,8000000,1,2,970.379929,0,100000,462.567477,39181,0,431675,0,-1,2021-08-18.22:57:25
livej,4847571,68993773,1,2,5149.088009,0,100000,476.142395,112479,0,8444776,0,-1,2021-08-18.22:58:33
patent,6009555,16518948,1,2,3704.267635,0,100000,451.623794,108073,0,1532852,0,-1,2021-08-18.22:59:20
pokec,1632804,30622564,1,2,1996.171957,0,100000,401.007011,85366,0,3326826,0,-1,2021-08-18.22:59:54
rmat-1m-8m,999760,7810950,1,2,562.168486,0,100000,420.019888,100518,0,22680848,0,-1,2021-08-18.23:00:02
ssca2,1048577,157877986,1,2,1372.604967,0,100000,2038.851517,1592356,0,120571904,0,-1,2021-08-18.23:01:23
wiki-links,5710993,130160392,1,2,8802.207682,0,100000,1226.992365,186314,0,50028334,0,-1,2021-08-18.23:04:16
wikitalk,2394385,5021410,1,2,827.288901,0,100000,459.971659,100684,0,11124830,0,-1,2021-08-18.23:04:21
wiki_talk_en,2987536,24981163,1,2,1073.144467,0,100000,779.044456,100008,0,17114449,0,-1,2021-08-18.23:04:58
ba-1m-8m,1000000,7999964,1,3,973.894536,0,100000,1230.819832,21759,0,152565,21759,-1,2021-08-18.23:05:05
baidu,2141301,17794839,1,3,1620.756432,0,100000,391.018009,102961,0,10480263,102961,-1,2021-08-18.23:05:37
dbpedia,3966925,13820853,1,3,1977.299546,0,100000,2867.052069,100891,0,983737,100891,-1,2021-08-18.23:06:00
er-1m-8m,1000000,8000000,1,3,1247.824585,0,100000,51.397133,39186,0,430884,39186,-1,2021-08-18.23:06:12
livej,4847571,68993773,1,3,5571.817974,0,100000,139468.786915,112737,0,8241298,112737,-1,2021-08-18.23:09:35
patent,6009555,16518948,1,3,4088.977778,0,100000,101.091919,107140,0,1534695,107140,-1,2021-08-18.23:10:32
pokec,1632804,30622564,1,3,2132.571149,0,100000,145.079233,85265,0,3338203,85265,-1,2021-08-18.23:11:04
rmat-1m-8m,999760,7810950,1,3,533.255799,0,100000,470.962147,100590,0,22618139,100590,-1,2021-08-18.23:11:08
ssca2,1048577,157877986,1,3,2160.913577,0,100000,1228.743531,1587674,0,120199260,1587674,-1,2021-08-18.23:12:23
wiki-links,5710993,130160392,1,3,10279.602472,0,100000,1265.257249,186280,0,48504512,186280,-1,2021-08-18.23:15:13
wikitalk,2394385,5021410,1,3,639.177370,0,100000,388.026699,99994,0,9370852,99994,-1,2021-08-18.23:15:17
wiki_talk_en,2987536,24981163,1,3,879.278178,0,100000,91057.006854,100102,0,17300112,100102,-1,2021-08-18.23:16:56
ba-1m-8m,1000000,7999964,1,2,765.353093,100000,0,2049.153800,22005,111789,1877378,0,-1,2021-08-18.23:17:14
baidu,2141301,17794839,1,2,1644.094057,100000,0,430.836281,98385,119242,9858513,0,-1,2021-08-18.23:17:47
dbpedia,3966925,13820853,1,2,2154.848877,100000,0,541.217107,100962,117393,1759018,0,-1,2021-08-18.23:18:10
er-1m-8m,1000000,8000000,1,2,974.126292,100000,0,813.282629,39318,54984,661159,0,-1,2021-08-18.23:18:32
livej,4847571,68993773,1,2,5158.073091,100000,0,1151.565596,112913,141088,11210741,0,-1,2021-08-18.23:19:40
patent,6009555,16518948,1,2,3586.891068,100000,0,1011.854427,106487,156489,2421583,0,-1,2021-08-18.23:20:41
pokec,1632804,30622564,1,2,2060.067389,100000,0,608.521930,87224,127300,6153586,0,-1,2021-08-18.23:21:17
rmat-1m-8m,999760,7810950,1,2,563.507822,100000,0,470.264266,100769,120488,30458365,0,-1,2021-08-18.23:21:22
ssca2,1048577,157877986,1,2,1317.767499,100000,0,2391.729145,1584093,1645101,124799450,0,-1,2021-08-18.23:22:44
wiki-links,5710993,130160392,1,2,9300.553403,100000,0,1146.706386,188967,205852,56115333,0,-1,2021-08-18.23:25:34
wikitalk,2394385,5021410,1,2,758.847531,100000,0,569.622268,99886,105010,12819306,0,-1,2021-08-18.23:25:39
wiki_talk_en,2987536,24981163,1,2,1077.531520,100000,0,771.020151,101013,106792,25615278,0,-1,2021-08-18.23:26:04
ba-1m-8m,1000000,7999964,1,3,888.254026,100000,0,332.197990,22056,166106,1850803,362156,-1,2021-08-18.23:26:11
baidu,2141301,17794839,1,3,1803.468758,100000,0,253.506109,98473,132085,9691643,813169,-1,2021-08-18.23:26:43
dbpedia,3966925,13820853,1,3,1928.650542,100000,0,146.041790,101049,127969,1655707,1131958,-1,2021-08-18.23:27:03
er-1m-8m,1000000,8000000,1,3,1214.453926,100000,0,106.661946,39670,66706,664649,432986,-1,2021-08-18.23:27:17
livej,4847571,68993773,1,3,5520.765091,100000,0,455.064403,111296,157566,10860880,772698,-1,2021-08-18.23:28:30
patent,6009555,16518948,1,3,3840.643051,100000,0,259.184926,104867,180223,2367285,991176,-1,2021-08-18.23:29:27
pokec,1632804,30622564,1,3,2344.800649,100000,0,268.239258,86035,146723,5992442,719769,-1,2021-08-18.23:29:59
rmat-1m-8m,999760,7810950,1,3,518.569110,100000,0,384.672679,99465,132588,28538367,635621,-1,2021-08-18.23:30:04
ssca2,1048577,157877986,1,3,2215.401174,100000,0,11047.570609,1587585,1677389,125852761,11877737,-1,2021-08-18.23:31:29
wiki-links,5710993,130160392,1,3,9830.562226,100000,0,5739.136942,189332,218091,59056818,761191,-1,2021-08-18.23:34:17
wikitalk,2394385,5021410,1,3,612.738397,100000,0,300.067276,100564,109460,14558032,1090596,-1,2021-08-18.23:34:22
wiki_talk_en,2987536,24981163,1,3,877.881136,100000,0,508.811695,101127,110953,25703109,950648,-1,2021-08-18.23:34:31
ba-1m-8m,1000000,7999964,1,2,761.544381,0,100000,437.103731,21887,0,153488,0,-1,2021-08-18.23:34:47
baidu,2141301,17794839,1,2,1629.979356,0,100000,434.826362,98004,0,5955719,0,-1,2021-08-18.23:35:20
dbpedia,3966925,13820853,1,2,2207.425634,0,100000,933.079884,101513,0,1003887,0,-1,2021-08-18.23:35:43
er-1m-8m,1000000,8000000,1,2,972.381998,0,100000,466.162190,40089,0,441357,0,-1,2021-08-18.23:36:05
livej,4847571,68993773,1,2,5172.656328,0,100000,434.839542,113523,0,8520973,0,-1,2021-08-18.23:37:13
patent,6009555,16518948,1,2,3611.537353,0,100000,445.770483,107232,0,1519015,0,-1,2021-08-18.23:38:13
pokec,1632804,30622564,1,2,1946.006343,0,100000,413.539852,86624,0,3503433,0,-1,2021-08-18.23:38:47
rmat-1m-8m,999760,7810950,1,2,581.839411,0,100000,424.189002,100540,0,22555286,0,-1,2021-08-18.23:38:52
ssca2,1048577,157877986,1,2,1376.925066,0,100000,2021.968636,1583675,0,119857566,0,-1,2021-08-18.23:40:14
wiki-links,5710993,130160392,1,2,9451.523770,0,100000,1212.914361,185413,0,49277323,0,-1,2021-08-18.23:43:08
wikitalk,2394385,5021410,1,2,756.719720,0,100000,817.793454,99945,0,9655236,0,-1,2021-08-18.23:43:13
wiki_talk_en,2987536,24981163,1,2,1081.561040,0,100000,778.013948,99904,0,17188566,0,-1,2021-08-18.23:44:00
ba-1m-8m,1000000,7999964,1,3,896.206061,0,100000,44.217954,22056,0,154662,22056,-1,2021-08-18.23:44:08
baidu,2141301,17794839,1,3,1685.220973,0,100000,297.930605,98675,0,6029500,98675,-1,2021-08-18.23:44:40
dbpedia,3966925,13820853,1,3,1957.650988,0,100000,2768.718595,101205,0,1207850,101205,-1,2021-08-18.23:45:03
er-1m-8m,1000000,8000000,1,3,1161.055072,0,100000,52.123768,39775,0,437990,39775,-1,2021-08-18.23:45:15
livej,4847571,68993773,1,3,5388.022781,0,100000,225.958958,112771,0,8034349,112771,-1,2021-08-18.23:46:28
patent,6009555,16518948,1,3,3918.376642,0,100000,102.133590,108780,0,1552377,108780,-1,2021-08-18.23:47:24
pokec,1632804,30622564,1,3,2282.452718,0,100000,144.824202,85664,0,3314941,85664,-1,2021-08-18.23:47:56
rmat-1m-8m,999760,7810950,1,3,519.268375,0,100000,476.292122,100615,0,22751336,100615,-1,2021-08-18.23:48:00
ssca2,1048577,157877986,1,3,2146.955703,0,100000,1237.388979,1594714,0,120855083,1594714,-1,2021-08-18.23:49:15
wiki-links,5710993,130160392,1,3,10292.444873,0,100000,1337.217216,189224,0,57099364,189224,-1,2021-08-18.23:52:00
wikitalk,2394385,5021410,1,3,658.379927,0,100000,426.180235,100560,0,11093953,100560,-1,2021-08-18.23:52:04
wiki_talk_en,2987536,24981163,1,3,890.649994,0,100000,815.419873,99845,0,16945889,99845,-1,2021-08-18.23:52:13
ba-1m-8m,1000000,7999964,1,2,767.432445,100000,0,2064.751399,22044,111461,1842330,0,-1,2021-08-18.23:52:31
baidu,2141301,17794839,1,2,1646.168885,100000,0,431.257475,98604,119658,9962157,0,-1,2021-08-18.23:53:05
dbpedia,3966925,13820853,1,2,2204.122590,100000,0,698.122756,100101,117017,1582862,0,-1,2021-08-18.23:53:28
er-1m-8m,1000000,8000000,1,2,1052.622565,100000,0,368.060668,39906,55587,669084,0,-1,2021-08-18.23:53:51
livej,4847571,68993773,1,2,5118.403344,100000,0,1214.920056,112633,140545,11072662,0,-1,2021-08-18.23:55:01
patent,6009555,16518948,1,2,3588.544154,100000,0,986.332260,106931,157031,2420114,0,-1,2021-08-18.23:56:02
pokec,1632804,30622564,1,2,2076.078337,100000,0,594.115731,86404,126299,6013759,0,-1,2021-08-18.23:56:38
rmat-1m-8m,999760,7810950,1,2,570.060540,100000,0,441.033315,99665,119483,28019046,0,-1,2021-08-18.23:56:43
ssca2,1048577,157877986,1,2,1388.966215,100000,0,2408.198177,1589469,1649953,125166524,0,-1,2021-08-18.23:58:05
wiki-links,5710993,130160392,1,2,9020.682404,100000,0,1087.324931,187028,202844,52348469,0,-1,2021-08-19.00:00:56
wikitalk,2394385,5021410,1,2,795.778269,100000,0,576.578404,100101,105191,12777625,0,-1,2021-08-19.00:01:01
wiki_talk_en,2987536,24981163,1,2,1078.758020,100000,0,760.996081,99907,105349,20949267,0,-1,2021-08-19.00:01:11
ba-1m-8m,1000000,7999964,1,3,904.003509,100000,0,294.387834,22032,167047,1861779,365934,-1,2021-08-19.00:01:18
baidu,2141301,17794839,1,3,1620.218146,100000,0,256.622737,98411,132139,9919543,815625,-1,2021-08-19.00:01:50
dbpedia,3966925,13820853,1,3,1971.422655,100000,0,146.099491,100864,127304,1722063,1123553,-1,2021-08-19.00:02:10
er-1m-8m,1000000,8000000,1,3,1237.304493,100000,0,105.584174,39363,66826,663430,432409,-1,2021-08-19.00:02:22
livej,4847571,68993773,1,3,5385.503575,100000,0,495.739584,113610,160803,11682225,779868,-1,2021-08-19.00:03:36
patent,6009555,16518948,1,3,3869.105644,100000,0,269.659818,107504,184047,2462872,1025490,-1,2021-08-19.00:04:33
pokec,1632804,30622564,1,3,2228.361065,100000,0,264.439582,86313,146517,6049937,722436,-1,2021-08-19.00:05:05
rmat-1m-8m,999760,7810950,1,3,486.975758,100000,0,431.296912,100761,133866,30894260,639009,-1,2021-08-19.00:05:10
ssca2,1048577,157877986,1,3,2194.671253,100000,0,10955.470229,1584305,1673064,125320057,11831888,-1,2021-08-19.00:06:35
wiki-links,5710993,130160392,1,3,10318.134462,100000,0,5394.471598,186537,215578,56783946,768619,-1,2021-08-19.00:09:23
wikitalk,2394385,5021410,1,3,639.508170,100000,0,307.700633,100564,109691,15040122,1085228,-1,2021-08-19.00:09:28
wiki_talk_en,2987536,24981163,1,3,893.602797,100000,0,519.474981,101183,110734,25385851,943140,-1,2021-08-19.00:09:36
ba-1m-8m,1000000,7999964,1,2,759.991861,0,100000,477.122045,21726,0,152429,0,-1,2021-08-19.00:09:52
baidu,2141301,17794839,1,2,1627.554554,0,100000,429.763953,98162,0,5931877,0,-1,2021-08-19.00:10:25
dbpedia,3966925,13820853,1,2,2182.352685,0,100000,943.990287,102018,0,980932,0,-1,2021-08-19.00:10:48
er-1m-8m,1000000,8000000,1,2,963.546126,0,100000,461.697536,39357,0,432531,0,-1,2021-08-19.00:11:09
livej,4847571,68993773,1,2,5056.006239,0,100000,423.224001,111486,0,8094923,0,-1,2021-08-19.00:12:18
patent,6009555,16518948,1,2,3730.447251,0,100000,453.535465,108344,0,1533138,0,-1,2021-08-19.00:13:05
pokec,1632804,30622564,1,2,2011.325906,0,100000,407.938524,86050,0,3396313,0,-1,2021-08-19.00:13:40
rmat-1m-8m,999760,7810950,1,2,559.504261,0,100000,405.747090,99503,0,20341979,0,-1,2021-08-19.00:13:47
ssca2,1048577,157877986,1,2,1375.757763,0,100000,2035.303536,1589585,0,120487350,0,-1,2021-08-19.00:15:08
wiki-links,5710993,130160392,1,2,9147.833779,0,100000,1227.256260,188531,0,49865319,0,-1,2021-08-19.00:17:57
wikitalk,2394385,5021410,1,2,784.948379,0,100000,1572.374858,100650,0,11096016,0,-1,2021-08-19.00:18:03
wiki_talk_en,2987536,24981163,1,2,1072.936080,0,100000,833.650677,101355,0,21235466,0,-1,2021-08-19.00:18:13
ba-1m-8m,1000000,7999964,1,3,925.524092,0,100000,44.199799,21931,0,153820,21931,-1,2021-08-19.00:18:19
baidu,2141301,17794839,1,3,1617.017594,0,100000,293.229262,98658,0,5864000,98658,-1,2021-08-19.00:18:51
dbpedia,3966925,13820853,1,3,1940.741511,0,100000,800.705303,101632,0,990850,101632,-1,2021-08-19.00:19:12
er-1m-8m,1000000,8000000,1,3,1246.207782,0,100000,117676.393858,38905,0,427934,38905,-1,2021-08-19.00:21:22
livej,4847571,68993773,1,3,5402.668171,0,100000,7460.789117,112023,0,8042716,112023,-1,2021-08-19.00:22:33
patent,6009555,16518948,1,3,3808.317640,0,100000,100.079740,107156,0,1483491,107156,-1,2021-08-19.00:23:14
pokec,1632804,30622564,1,3,2279.121379,0,100000,148.554005,86030,0,3428536,86030,-1,2021-08-19.00:23:46
rmat-1m-8m,999760,7810950,1,3,489.783636,0,100000,471.531274,100614,0,22826775,100614,-1,2021-08-19.00:23:50
ssca2,1048577,157877986,1,3,2141.217031,0,100000,1246.260915,1600771,0,121206765,1600771,-1,2021-08-19.00:25:05
wiki-links,5710993,130160392,1,3,10770.585344,0,100000,1160.061654,186543,0,48624826,186543,-1,2021-08-19.00:27:51
wikitalk,2394385,5021410,1,3,643.735385,0,100000,3276.819208,100602,0,11140475,100602,-1,2021-08-19.00:27:58
wiki_talk_en,2987536,24981163,1,3,888.875793,0,100000,916.318965,101232,0,21300397,101232,-1,2021-08-19.00:28:17
ba-1m-8m,1000000,7999964,1,2,774.691164,100000,0,2076.514814,22084,111610,1844159,0,-1,2021-08-19.00:28:35
baidu,2141301,17794839,1,2,1620.698436,100000,0,432.650281,98521,119454,10161870,0,-1,2021-08-19.00:29:07
dbpedia,3966925,13820853,1,2,2187.450834,100000,0,557.120234,101022,117033,1568724,0,-1,2021-08-19.00:29:30
er-1m-8m,1000000,8000000,1,2,988.587901,100000,0,388.270056,39461,55234,664638,0,-1,2021-08-19.00:29:53
livej,4847571,68993773,1,2,5302.917895,100000,0,901.427008,113552,142055,11148369,0,-1,2021-08-19.00:31:02
patent,6009555,16518948,1,2,3593.114251,100000,0,956.862530,105999,156413,2379758,0,-1,2021-08-19.00:32:04
pokec,1632804,30622564,1,2,1999.280415,100000,0,605.932458,86634,126622,6128813,0,-1,2021-08-19.00:32:41
rmat-1m-8m,999760,7810950,1,2,575.026009,100000,0,440.285262,100586,120331,30362608,0,-1,2021-08-19.00:32:46
ssca2,1048577,157877986,1,2,1363.266229,100000,0,2395.627764,1593158,1653497,125593547,0,-1,2021-08-19.00:34:08
wiki-links,5710993,130160392,1,2,8969.248693,100000,0,1110.109815,186253,201795,54295963,0,-1,2021-08-19.00:37:02
wikitalk,2394385,5021410,1,2,812.716893,100000,0,428.712108,100531,105770,14211390,0,-1,2021-08-19.00:37:07
wiki_talk_en,2987536,24981163,1,2,1087.934067,100000,0,704.658754,101019,106795,25230943,0,-1,2021-08-19.00:37:16
ba-1m-8m,1000000,7999964,1,3,946.903995,100000,0,367.381932,21900,166786,1855493,369732,-1,2021-08-19.00:37:22
baidu,2141301,17794839,1,3,1730.691411,100000,0,263.582445,98907,133694,10313657,822924,-1,2021-08-19.00:37:54
dbpedia,3966925,13820853,1,3,1936.352276,100000,0,152.895569,101449,128806,2020546,1115307,-1,2021-08-19.00:38:15
er-1m-8m,1000000,8000000,1,3,1221.779093,100000,0,105.154683,38959,65502,651780,432741,-1,2021-08-19.00:38:26
livej,4847571,68993773,1,3,5482.329853,100000,0,514.243736,115961,161456,11761263,784775,-1,2021-08-19.00:39:40
patent,6009555,16518948,1,3,3980.545681,100000,0,269.515969,106279,183537,2439184,1004237,-1,2021-08-19.00:40:38
pokec,1632804,30622564,1,3,2219.316079,100000,0,262.816353,85898,146613,5908626,721959,-1,2021-08-19.00:41:09
rmat-1m-8m,999760,7810950,1,3,527.792072,100000,0,437.730710,100733,133700,30788796,633446,-1,2021-08-19.00:41:14
ssca2,1048577,157877986,1,3,2192.453480,100000,0,11036.639409,1590711,1682754,126133973,11871709,-1,2021-08-19.00:42:39
wiki-links,5710993,130160392,1,3,10002.088359,100000,0,5323.686392,190565,219087,58366003,781925,-1,2021-08-19.00:45:30
wikitalk,2394385,5021410,1,3,626.437438,100000,0,298.006239,100591,108976,14436713,1083960,-1,2021-08-19.00:45:45
wiki_talk_en,2987536,24981163,1,3,897.989033,100000,0,429.496864,99923,109562,21501768,935776,-1,2021-08-19.00:45:54
ba-1m-8m,1000000,7999964,1,2,779.328533,0,100000,328.198904,22013,0,154503,0,-1,2021-08-19.00:46:10
baidu,2141301,17794839,1,2,1634.291151,0,100000,439.605495,98669,0,6071779,0,-1,2021-08-19.00:46:43
dbpedia,3966925,13820853,1,2,2204.457491,0,100000,1894.387161,100936,0,933471,0,-1,2021-08-19.00:47:07
er-1m-8m,1000000,8000000,1,2,974.696965,0,100000,468.204867,39900,0,440041,0,-1,2021-08-19.00:47:28
livej,4847571,68993773,1,2,5311.699348,0,100000,567.058231,115015,0,9076558,0,-1,2021-08-19.00:48:36
patent,6009555,16518948,1,2,3702.018956,0,100000,447.171721,106410,0,1493606,0,-1,2021-08-19.00:49:23
pokec,1632804,30622564,1,2,1949.138167,0,100000,406.591504,85706,0,3401287,0,-1,2021-08-19.00:49:58
rmat-1m-8m,999760,7810950,1,2,549.782528,0,100000,409.980665,99374,0,20500253,0,-1,2021-08-19.00:50:03
ssca2,1048577,157877986,1,2,1407.920381,0,100000,2036.095686,1592298,0,120541035,0,-1,2021-08-19.00:51:24
wiki-links,5710993,130160392,1,2,8930.314846,0,100000,1246.049716,187945,0,51051526,0,-1,2021-08-19.00:54:16
wikitalk,2394385,5021410,1,2,750.800959,0,100000,1492.124675,100560,0,11071964,0,-1,2021-08-19.00:54:22
wiki_talk_en,2987536,24981163,1,2,1068.355612,0,100000,832.725801,101009,0,21313520,0,-1,2021-08-19.00:54:31
ba-1m-8m,1000000,7999964,1,3,893.404751,0,100000,90410.195245,21904,0,153632,21904,-1,2021-08-19.00:56:08
baidu,2141301,17794839,1,3,1645.021334,0,100000,296.478509,98532,0,6009069,98532,-1,2021-08-19.00:56:40
dbpedia,3966925,13820853,1,3,1971.338393,0,100000,2877.899216,100992,0,1049203,100992,-1,2021-08-19.00:57:03
er-1m-8m,1000000,8000000,1,3,1246.826641,0,100000,52.222000,39927,0,439325,39927,-1,2021-08-19.00:57:15
livej,4847571,68993773,1,3,5649.832627,0,100000,123364.025834,115054,0,8735986,115054,-1,2021-08-19.01:00:22
patent,6009555,16518948,1,3,4039.939858,0,100000,99.295763,104827,0,1478809,104827,-1,2021-08-19.01:01:18
pokec,1632804,30622564,1,3,2401.867092,0,100000,146.305445,85668,0,3356631,85668,-1,2021-08-19.01:01:50
rmat-1m-8m,999760,7810950,1,3,529.786573,0,100000,471.079378,100457,0,22768564,100457,-1,2021-08-19.01:01:55
ssca2,1048577,157877986,1,3,2170.860327,0,100000,1241.132528,1595271,0,120709257,1595271,-1,2021-08-19.01:03:10
wiki-links,5710993,130160392,1,3,9578.810468,0,100000,1237.957245,190698,0,52767936,190698,-1,2021-08-19.01:05:57
wikitalk,2394385,5021410,1,3,636.405349,0,100000,428.146996,100681,0,11137762,100681,-1,2021-08-19.01:06:02
wiki_talk_en,2987536,24981163,1,3,914.237298,0,100000,902.626342,101174,0,21327102,101174,-1,2021-08-19.01:06:11
ba-1m-8m,1000000,7999964,1,2,787.307221,100000,0,2257.355579,21775,112246,1871257,0,-1,2021-08-19.01:06:29
baidu,2141301,17794839,1,2,1662.508521,100000,0,428.717304,98637,119395,9855853,0,-1,2021-08-19.01:07:02
dbpedia,3966925,13820853,1,2,2212.648673,100000,0,542.751897,100819,117767,1832681,0,-1,2021-08-19.01:07:25
er-1m-8m,1000000,8000000,1,2,954.822163,100000,0,374.045776,39432,55161,663538,0,-1,2021-08-19.01:07:47
livej,4847571,68993773,1,2,5316.199830,100000,0,1031.139247,112721,140782,11058398,0,-1,2021-08-19.01:08:56
patent,6009555,16518948,1,2,3598.833852,100000,0,1086.137896,107370,157010,2382975,0,-1,2021-08-19.01:09:57
pokec,1632804,30622564,1,2,2066.106648,100000,0,604.810006,86769,127454,6155628,0,-1,2021-08-19.01:10:34
rmat-1m-8m,999760,7810950,1,2,566.215457,100000,0,441.891743,100221,120288,30481323,0,-1,2021-08-19.01:10:39
ssca2,1048577,157877986,1,2,1398.459323,100000,0,2388.205529,1585365,1646354,124878898,0,-1,2021-08-19.01:12:00
wiki-links,5710993,130160392,1,2,9424.495628,100000,0,1137.158266,186226,203173,55988658,0,-1,2021-08-19.01:14:53
wikitalk,2394385,5021410,1,2,756.009358,100000,0,549.187113,100586,105900,14305912,0,-1,2021-08-19.01:14:58
wiki_talk_en,2987536,24981163,1,2,1102.213148,100000,0,697.614188,99960,105909,21412735,0,-1,2021-08-19.01:15:07
ba-1m-8m,1000000,7999964,1,3,932.988384,100000,0,322.373556,21721,166551,1857785,363296,-1,2021-08-19.01:15:13
baidu,2141301,17794839,1,3,1583.781310,100000,0,260.717704,98384,133056,10251598,814107,-1,2021-08-19.01:15:46
dbpedia,3966925,13820853,1,3,1957.506584,100000,0,148.234897,100915,128330,1726939,1116769,-1,2021-08-19.01:16:06
er-1m-8m,1000000,8000000,1,3,1237.281485,100000,0,106.735580,39275,66493,660333,433791,-1,2021-08-19.01:16:19
livej,4847571,68993773,1,3,5361.300253,100000,0,500.020273,110716,156369,10966648,766058,-1,2021-08-19.01:17:31
patent,6009555,16518948,1,3,3605.986130,100000,0,279.368596,108121,184250,2591714,1018676,-1,2021-08-19.01:18:27
pokec,1632804,30622564,1,3,2380.096450,100000,0,267.556287,85914,146425,6074611,726634,-1,2021-08-19.01:19:00
rmat-1m-8m,999760,7810950,1,3,508.975454,100000,0,449.580976,100597,133574,30786129,638823,-1,2021-08-19.01:19:08
ssca2,1048577,157877986,1,3,2162.920308,100000,0,11028.767796,1591181,1680948,126069227,11933286,-1,2021-08-19.01:20:33
wiki-links,5710993,130160392,1,3,10049.496949,100000,0,7820.479057,186593,216657,55911029,770562,-1,2021-08-19.01:23:24
wikitalk,2394385,5021410,1,3,625.339987,100000,0,269.543352,100083,108809,13032971,1074332,-1,2021-08-19.01:23:29
wiki_talk_en,2987536,24981163,1,3,880.717433,100000,0,527.134444,101242,111098,25790882,946886,-1,2021-08-19.01:23:38
ba-1m-8m,1000000,7999964,1,2,841.210698,0,100000,328.503187,22021,0,154467,0,-1,2021-08-19.01:23:54
baidu,2141301,17794839,1,2,1633.247724,0,100000,440.179985,98835,0,6045221,0,-1,2021-08-19.01:24:27
dbpedia,3966925,13820853,1,2,2201.881760,0,100000,920.976122,100728,0,1058061,0,-1,2021-08-19.01:24:50
er-1m-8m,1000000,8000000,1,2,989.134744,0,100000,466.580847,39393,0,432537,0,-1,2021-08-19.01:25:12
livej,4847571,68993773,1,2,5199.194721,0,100000,457.158579,111956,0,8222712,0,-1,2021-08-19.01:26:19
patent,6009555,16518948,1,2,3642.778990,0,100000,438.480507,105515,0,1458533,0,-1,2021-08-19.01:27:20
pokec,1632804,30622564,1,2,2111.238743,0,100000,406.439775,86040,0,3434001,0,-1,2021-08-19.01:27:57
rmat-1m-8m,999760,7810950,1,2,563.661406,0,100000,412.012002,99350,0,20356635,0,-1,2021-08-19.01:28:02
ssca2,1048577,157877986,1,2,1386.028694,0,100000,2042.852646,1594056,0,120701825,0,-1,2021-08-19.01:29:23
wiki-links,5710993,130160392,1,2,8873.416365,0,100000,1201.424493,185324,0,47853849,0,-1,2021-08-19.01:32:15
wikitalk,2394385,5021410,1,2,756.237034,0,100000,1010.646118,100512,0,11240904,0,-1,2021-08-19.01:32:20
wiki_talk_en,2987536,24981163,1,2,1101.879584,0,100000,782.428879,99935,0,17024708,0,-1,2021-08-19.01:33:07
ba-1m-8m,1000000,7999964,1,3,933.680970,0,100000,84477.696726,21871,0,153369,21871,-1,2021-08-19.01:34:37
baidu,2141301,17794839,1,3,1642.638333,0,100000,291.188514,98565,0,5838336,98565,-1,2021-08-19.01:35:09
dbpedia,3966925,13820853,1,3,1940.594361,0,100000,808.211670,101675,0,1147748,101675,-1,2021-08-19.01:35:30
er-1m-8m,1000000,8000000,1,3,1206.456262,0,100000,51.692533,39188,0,431691,39188,-1,2021-08-19.01:35:43
livej,4847571,68993773,1,3,5415.472234,0,100000,75079.317905,113925,0,8548480,113925,-1,2021-08-19.01:38:02
patent,6009555,16518948,1,3,3705.829056,0,100000,99.115042,105673,0,1477026,105673,-1,2021-08-19.01:38:56
pokec,1632804,30622564,1,3,2273.046480,0,100000,146.513553,85589,0,3400857,85589,-1,2021-08-19.01:39:27
rmat-1m-8m,999760,7810950,1,3,535.885316,0,100000,472.919864,100643,0,22820299,100643,-1,2021-08-19.01:39:32
ssca2,1048577,157877986,1,3,2188.966454,0,100000,1229.972785,1586671,0,120112992,1586671,-1,2021-08-19.01:40:47
wiki-links,5710993,130160392,1,3,10326.763086,0,100000,1179.082512,191006,0,50451195,191006,-1,2021-08-19.01:43:32
wikitalk,2394385,5021410,1,3,632.616701,0,100000,4783.349793,100564,0,11159936,100564,-1,2021-08-19.01:43:43
wiki_talk_en,2987536,24981163,1,3,897.197802,0,100000,837.699495,99981,0,17301283,99981,-1,2021-08-19.01:43:57
ba-1m-8m,1000000,7999964,1,2,780.229074,100000,0,1926.987196,22273,111398,1861877,0,-1,2021-08-19.01:44:15
baidu,2141301,17794839,1,2,1743.563443,100000,0,436.541680,98802,120454,10308695,0,-1,2021-08-19.01:44:48
dbpedia,3966925,13820853,1,2,2199.325923,100000,0,578.408271,101759,117845,1704951,0,-1,2021-08-19.01:45:11
er-1m-8m,1000000,8000000,1,2,958.259793,100000,0,371.210444,39033,54641,657888,0,-1,2021-08-19.01:45:33
livej,4847571,68993773,1,2,4992.169086,100000,0,1015.557351,113345,141105,10858098,0,-1,2021-08-19.01:46:40
patent,6009555,16518948,1,2,3696.046064,100000,0,1038.664227,105976,155536,2389329,0,-1,2021-08-19.01:47:28
pokec,1632804,30622564,1,2,2031.412023,100000,0,595.697774,85570,125685,6002791,0,-1,2021-08-19.01:48:03
rmat-1m-8m,999760,7810950,1,2,535.813082,100000,0,441.921051,100714,120664,30734756,0,-1,2021-08-19.01:48:11
ssca2,1048577,157877986,1,2,1393.935538,100000,0,2401.506378,1594960,1654037,125684825,0,-1,2021-08-19.01:49:34
wiki-links,5710993,130160392,1,2,9222.168075,100000,0,1108.934730,186976,201741,54294206,0,-1,2021-08-19.01:52:39
wikitalk,2394385,5021410,1,2,785.148938,100000,0,472.745217,100019,105098,12490223,0,-1,2021-08-19.01:53:11
wiki_talk_en,2987536,24981163,1,2,1095.011612,100000,0,650.167027,99998,105662,21381930,0,-1,2021-08-19.01:53:20
ba-1m-8m,1000000,7999964,1,3,908.762628,100000,0,292.940443,22104,166174,1842857,364561,-1,2021-08-19.01:53:27
baidu,2141301,17794839,1,3,1685.463750,100000,0,260.947905,98472,132855,10204213,810606,-1,2021-08-19.01:53:58
dbpedia,3966925,13820853,1,3,1911.383372,100000,0,151.321260,100602,127808,1843875,1117381,-1,2021-08-19.01:54:19
er-1m-8m,1000000,8000000,1,3,1235.256132,100000,0,107.610583,39957,67330,670698,434429,-1,2021-08-19.01:54:32
livej,4847571,68993773,1,3,5261.198743,100000,0,502.916161,113603,159543,11235159,783735,-1,2021-08-19.01:55:47
patent,6009555,16518948,1,3,3848.072017,100000,0,264.040697,105265,181470,2382440,1031422,-1,2021-08-19.01:56:44
pokec,1632804,30622564,1,3,2368.804480,100000,0,266.192995,85787,148356,6024622,722831,-1,2021-08-19.01:57:16
rmat-1m-8m,999760,7810950,1,3,537.681902,100000,0,440.164603,100505,134111,31082707,638000,-1,2021-08-19.01:57:21
ssca2,1048577,157877986,1,3,2234.153987,100000,0,11171.956304,1592707,1687735,126694632,12088223,-1,2021-08-19.01:58:46
wiki-links,5710993,130160392,1,3,10201.002061,100000,0,4974.858798,185280,215269,52763118,777783,-1,2021-08-19.02:01:34
wikitalk,2394385,5021410,1,3,629.950311,100000,0,299.927596,100644,109485,14792370,1059156,-1,2021-08-19.02:01:46
wiki_talk_en,2987536,24981163,1,3,913.764922,100000,0,513.294772,101107,110502,24972169,928400,-1,2021-08-19.02:01:55
ba-1m-8m,1000000,7999964,1,2,760.788810,0,100000,446.689426,22131,0,155279,0,-1,2021-08-19.02:02:11
baidu,2141301,17794839,1,2,1648.869233,0,100000,440.113664,98936,0,6167172,0,-1,2021-08-19.02:02:44
dbpedia,3966925,13820853,1,2,2220.976242,0,100000,924.640792,101019,0,1002318,0,-1,2021-08-19.02:03:08
er-1m-8m,1000000,8000000,1,2,967.309653,0,100000,462.937894,38718,0,424822,0,-1,2021-08-19.02:03:31
livej,4847571,68993773,1,2,5074.528914,0,100000,431.882316,112039,0,8406263,0,-1,2021-08-19.02:04:38
patent,6009555,16518948,1,2,3601.427113,0,100000,440.497285,105812,0,1501489,0,-1,2021-08-19.02:05:38
pokec,1632804,30622564,1,2,2035.478894,0,100000,409.685237,86558,0,3434691,0,-1,2021-08-19.02:06:13
rmat-1m-8m,999760,7810950,1,2,547.888070,0,100000,406.112591,99412,0,20117284,0,-1,2021-08-19.02:06:18
ssca2,1048577,157877986,1,2,1360.769678,0,100000,2035.992932,1593331,0,120602925,0,-1,2021-08-19.02:07:39
wiki-links,5710993,130160392,1,2,9070.266109,0,100000,1231.105791,185070,0,49120090,0,-1,2021-08-19.02:10:30
wikitalk,2394385,5021410,1,2,784.452869,0,100000,454.469108,100680,0,11204035,0,-1,2021-08-19.02:10:34
wiki_talk_en,2987536,24981163,1,2,1099.486739,0,100000,787.578391,100003,0,17283749,0,-1,2021-08-19.02:11:10
ba-1m-8m,1000000,7999964,1,3,894.864200,0,100000,44.319943,22106,0,155110,22106,-1,2021-08-19.02:11:18
baidu,2141301,17794839,1,3,1586.631394,0,100000,294.069567,98856,0,6048919,98856,-1,2021-08-19.02:11:51
dbpedia,3966925,13820853,1,3,2010.002049,0,100000,2730.997859,100842,0,1037551,100842,-1,2021-08-19.02:12:14
er-1m-8m,1000000,8000000,1,3,1214.823060,0,100000,51.473828,39325,0,432375,39325,-1,2021-08-19.02:12:27
livej,4847571,68993773,1,3,5300.753270,0,100000,221.382038,110909,0,7960358,110909,-1,2021-08-19.02:13:39
patent,6009555,16518948,1,3,3996.741975,0,100000,131.851288,106529,0,1484002,106529,-1,2021-08-19.02:14:22
pokec,1632804,30622564,1,3,2282.407452,0,100000,146.503414,85773,0,3410511,85773,-1,2021-08-19.02:14:55
rmat-1m-8m,999760,7810950,1,3,536.380980,0,100000,468.624488,100501,0,22601393,100501,-1,2021-08-19.02:14:59
ssca2,1048577,157877986,1,3,2230.501582,0,100000,1234.849369,1594763,0,120771625,1594763,-1,2021-08-19.02:16:14
wiki-links,5710993,130160392,1,3,10263.268161,0,100000,1181.142616,190058,0,51924475,190058,-1,2021-08-19.02:18:59
wikitalk,2394385,5021410,1,3,644.456050,0,100000,1624.455584,100590,0,10950326,100590,-1,2021-08-19.02:19:04
wiki_talk_en,2987536,24981163,1,3,882.837286,0,100000,832.503878,100081,0,17157871,100081,-1,2021-08-19.02:19:13
ba-1m-8m,1000000,7999964,1,2,780.179813,100000,0,2003.637172,22077,111751,1867843,0,-1,2021-08-19.02:19:31
baidu,2141301,17794839,1,2,1638.008199,100000,0,434.427803,99058,120206,10213734,0,-1,2021-08-19.02:20:04
dbpedia,3966925,13820853,1,2,2227.100008,100000,0,574.244200,101539,118424,1774684,0,-1,2021-08-19.02:20:27
er-1m-8m,1000000,8000000,1,2,960.905968,100000,0,1133.751092,39343,54822,659008,0,-1,2021-08-19.02:20:51
livej,4847571,68993773,1,2,5199.222989,100000,0,1006.651498,111190,138574,10662834,0,-1,2021-08-19.02:22:01
patent,6009555,16518948,1,2,3703.772764,100000,0,1046.141425,108692,159275,2450764,0,-1,2021-08-19.02:22:48
pokec,1632804,30622564,1,2,1995.515737,100000,0,592.533654,86429,126236,6014257,0,-1,2021-08-19.02:23:22
rmat-1m-8m,999760,7810950,1,2,565.275177,100000,0,431.782916,100449,120309,30371383,0,-1,2021-08-19.02:23:29
ssca2,1048577,157877986,1,2,1378.461568,100000,0,2402.977925,1592100,1654234,125545791,0,-1,2021-08-19.02:24:51
wiki-links,5710993,130160392,1,2,8886.344818,100000,0,1126.445441,187782,204429,55973020,0,-1,2021-08-19.02:27:39
wikitalk,2394385,5021410,1,2,801.894890,100000,0,428.010959,100579,105742,14632150,0,-1,2021-08-19.02:27:44
wiki_talk_en,2987536,24981163,1,2,1082.146160,100000,0,641.268572,100079,105719,21054148,0,-1,2021-08-19.02:27:53
ba-1m-8m,1000000,7999964,1,3,921.956949,100000,0,326.395264,21945,166694,1873059,365993,-1,2021-08-19.02:28:00
baidu,2141301,17794839,1,3,1563.270893,100000,0,259.001269,98154,132765,10096645,821675,-1,2021-08-19.02:28:31
dbpedia,3966925,13820853,1,3,1942.842742,100000,0,147.626966,101155,127742,1648477,1128229,-1,2021-08-19.02:28:52
er-1m-8m,1000000,8000000,1,3,1208.966541,100000,0,105.676812,39059,66086,656538,429449,-1,2021-08-19.02:29:04
livej,4847571,68993773,1,3,5517.482604,100000,0,487.887156,112236,158982,11136246,770230,-1,2021-08-19.02:30:18
patent,6009555,16518948,1,3,3840.009567,100000,0,267.410874,107616,183125,2424474,1024153,-1,2021-08-19.02:31:15
pokec,1632804,30622564,1,3,2272.954776,100000,0,264.665711,85492,146345,5923068,712399,-1,2021-08-19.02:31:47
rmat-1m-8m,999760,7810950,1,3,501.716981,100000,0,449.907320,100464,134433,31275360,636256,-1,2021-08-19.02:31:52
ssca2,1048577,157877986,1,3,2186.773278,100000,0,11130.755290,1586120,1679188,126040372,11884545,-1,2021-08-19.02:33:17
wiki-links,5710993,130160392,1,3,10176.020094,100000,0,5554.412226,185492,214379,60414069,766781,-1,2021-08-19.02:36:06
wikitalk,2394385,5021410,1,3,629.433142,100000,0,302.556173,100460,109110,14578660,1092550,-1,2021-08-19.02:36:21
wiki_talk_en,2987536,24981163,1,3,906.527582,100000,0,428.358845,100047,109522,21870267,954248,-1,2021-08-19.02:36:30
ba-1m-8m,1000000,7999964,1,2,802.459340,0,100000,320.552499,21979,0,154174,0,-1,2021-08-19.02:36:46
baidu,2141301,17794839,1,2,1622.409096,0,100000,437.751958,98625,0,6082699,0,-1,2021-08-19.02:37:19
dbpedia,3966925,13820853,1,2,2235.648999,0,100000,912.604475,101114,0,912371,0,-1,2021-08-19.02:37:43
er-1m-8m,1000000,8000000,1,2,1003.714591,0,100000,469.992411,39195,0,432202,0,-1,2021-08-19.02:38:04
livej,4847571,68993773,1,2,5247.916620,0,100000,423.804896,111609,0,7746053,0,-1,2021-08-19.02:39:12
patent,6009555,16518948,1,2,3632.130319,0,100000,447.734631,109421,0,1524408,0,-1,2021-08-19.02:40:13
pokec,1632804,30622564,1,2,1982.508536,0,100000,406.542947,85298,0,3368167,0,-1,2021-08-19.02:40:48
rmat-1m-8m,999760,7810950,1,2,586.944927,0,100000,427.968330,100835,0,22928645,0,-1,2021-08-19.02:40:53
ssca2,1048577,157877986,1,2,1352.685479,0,100000,2037.584525,1593754,0,120719526,0,-1,2021-08-19.02:42:16
wiki-links,5710993,130160392,1,2,8902.092046,0,100000,1244.312433,192227,0,50743099,0,-1,2021-08-19.02:45:06
wikitalk,2394385,5021410,1,2,809.190771,0,100000,481.580447,100540,0,11109824,0,-1,2021-08-19.02:45:11
wiki_talk_en,2987536,24981163,1,2,1086.044791,0,100000,790.904750,99975,0,17305357,0,-1,2021-08-19.02:46:09
ba-1m-8m,1000000,7999964,1,3,922.287634,0,100000,44.180651,21790,0,152793,21790,-1,2021-08-19.02:46:18
baidu,2141301,17794839,1,3,1654.973515,0,100000,291.032536,98378,0,5869852,98378,-1,2021-08-19.02:46:49
dbpedia,3966925,13820853,1,3,1929.888012,0,100000,3034.816230,101385,0,1110782,101385,-1,2021-08-19.02:47:12
er-1m-8m,1000000,8000000,1,3,1235.600510,0,100000,51.673564,39650,0,435755,39650,-1,2021-08-19.02:47:26
livej,4847571,68993773,1,3,5261.429393,0,100000,277976.392322,114672,0,8884070,114672,-1,2021-08-19.02:53:07
patent,6009555,16518948,1,3,3735.360036,0,100000,101.099080,107670,0,1525518,107670,-1,2021-08-19.02:54:02
pokec,1632804,30622564,1,3,2240.313039,0,100000,149.301546,86481,0,3428492,86481,-1,2021-08-19.02:54:34
rmat-1m-8m,999760,7810950,1,3,518.809900,0,100000,471.165519,100515,0,22840812,100515,-1,2021-08-19.02:54:39
ssca2,1048577,157877986,1,3,2172.411043,0,100000,1229.864470,1587474,0,120204195,1587474,-1,2021-08-19.02:55:54
wiki-links,5710993,130160392,1,3,10382.420563,0,100000,1147.842715,183420,0,47486054,183420,-1,2021-08-19.02:58:38
wikitalk,2394385,5021410,1,3,617.914202,0,100000,30876.097551,100591,0,11155295,100591,-1,2021-08-19.02:59:12
wiki_talk_en,2987536,24981163,1,3,891.082682,0,100000,833.627325,99999,0,17176761,99999,-1,2021-08-19.02:59:30
ba-1m-8m,1000000,7999964,1,2,760.759974,100000,0,2007.398445,21875,111886,1867842,0,-1,2021-08-19.02:59:48
baidu,2141301,17794839,1,2,1628.634826,100000,0,498.263830,102764,123497,14436887,0,-1,2021-08-19.03:00:21
dbpedia,3966925,13820853,1,2,2211.251192,100000,0,724.326811,101129,117413,1694142,0,-1,2021-08-19.03:00:44
er-1m-8m,1000000,8000000,1,2,956.514375,100000,0,1230.909392,39149,54822,659903,0,-1,2021-08-19.03:01:09
livej,4847571,68993773,1,2,5214.033030,100000,0,1061.479340,111350,138736,11003805,0,-1,2021-08-19.03:02:18
patent,6009555,16518948,1,2,3614.101078,100000,0,1028.110023,108213,157882,2445796,0,-1,2021-08-19.03:03:21
pokec,1632804,30622564,1,2,2027.044432,100000,0,592.497611,85854,125089,5920159,0,-1,2021-08-19.03:03:55
rmat-1m-8m,999760,7810950,1,2,535.658265,100000,0,477.364740,99538,119810,28464495,0,-1,2021-08-19.03:04:00
ssca2,1048577,157877986,1,2,1355.968445,100000,0,2398.669851,1593566,1653984,125616285,0,-1,2021-08-19.03:05:22
wiki-links,5710993,130160392,1,2,9087.339650,100000,0,1175.814626,188068,205158,57690440,0,-1,2021-08-19.03:08:16
wikitalk,2394385,5021410,1,2,756.829538,100000,0,606.047954,100671,105899,14622388,0,-1,2021-08-19.03:08:21
wiki_talk_en,2987536,24981163,1,2,1099.625713,100000,0,850.611194,101165,106932,25511265,0,-1,2021-08-19.03:08:31
ba-1m-8m,1000000,7999964,1,3,904.980252,100000,0,328.168985,22132,166973,1855289,371373,-1,2021-08-19.03:08:37
baidu,2141301,17794839,1,3,1606.179345,100000,0,259.887027,98837,133120,10235631,814563,-1,2021-08-19.03:09:09
dbpedia,3966925,13820853,1,3,1938.604528,100000,0,148.234808,101176,128302,1688044,1125176,-1,2021-08-19.03:09:29
er-1m-8m,1000000,8000000,1,3,1183.511906,100000,0,106.825137,39174,66693,662199,428531,-1,2021-08-19.03:09:41
livej,4847571,68993773,1,3,5582.443952,100000,0,495.246325,115262,161348,11849018,792632,-1,2021-08-19.03:10:55
patent,6009555,16518948,1,3,3603.193088,100000,0,268.372588,106905,184375,2463419,1025677,-1,2021-08-19.03:11:52
pokec,1632804,30622564,1,3,2354.659662,100000,0,266.847974,85755,147953,6108110,718227,-1,2021-08-19.03:12:25
rmat-1m-8m,999760,7810950,1,3,511.511307,100000,0,433.568208,100511,133358,30718778,637153,-1,2021-08-19.03:12:30
ssca2,1048577,157877986,1,3,2155.359186,100000,0,11121.634776,1596123,1688009,126621557,11960349,-1,2021-08-19.03:13:54
wiki-links,5710993,130160392,1,3,10334.617082,100000,0,5360.817505,187998,215391,61848218,765860,-1,2021-08-19.03:16:43
wikitalk,2394385,5021410,1,3,607.071987,100000,0,300.726209,100654,109431,14590415,1071002,-1,2021-08-19.03:16:48
wiki_talk_en,2987536,24981163,1,3,893.947156,100000,0,441.667710,99934,109593,21522382,945456,-1,2021-08-19.03:16:56
ba-1m-8m,1000000,7999964,1,2,782.591625,0,100000,327.698138,21878,0,153519,0,-1,2021-08-19.03:17:13
baidu,2141301,17794839,1,2,1733.208754,0,100000,433.315851,98751,0,5961987,0,-1,2021-08-19.03:17:45
dbpedia,3966925,13820853,1,2,2205.385377,0,100000,920.721277,101356,0,1036337,0,-1,2021-08-19.03:18:09
er-1m-8m,1000000,8000000,1,2,1000.427747,0,100000,502.844638,39754,0,436821,0,-1,2021-08-19.03:18:30
livej,4847571,68993773,1,2,5244.450018,0,100000,433.359700,114021,0,8517004,0,-1,2021-08-19.03:19:40
patent,6009555,16518948,1,2,3683.986579,0,100000,466.852540,107442,0,1500865,0,-1,2021-08-19.03:20:27
pokec,1632804,30622564,1,2,1922.655820,0,100000,403.675428,86189,0,3453969,0,-1,2021-08-19.03:21:01
rmat-1m-8m,999760,7810950,1,2,549.702573,0,100000,426.316523,100874,0,22829926,0,-1,2021-08-19.03:21:06
ssca2,1048577,157877986,1,2,1347.400560,0,100000,2042.264719,1593754,0,120831361,0,-1,2021-08-19.03:22:29
wiki-links,5710993,130160392,1,2,9093.601777,0,100000,1218.688652,185189,0,48711174,0,-1,2021-08-19.03:25:23
wikitalk,2394385,5021410,1,2,774.392159,0,100000,467.343718,100545,0,11169100,0,-1,2021-08-19.03:25:28
wiki_talk_en,2987536,24981163,1,2,1084.157048,0,100000,842.802147,101245,0,21200019,0,-1,2021-08-19.03:26:14
ba-1m-8m,1000000,7999964,1,3,892.531221,0,100000,44.311870,22284,0,156284,22284,-1,2021-08-19.03:26:23
baidu,2141301,17794839,1,3,1567.171967,0,100000,297.028557,98909,0,6051897,98909,-1,2021-08-19.03:26:55
dbpedia,3966925,13820853,1,3,1966.593121,0,100000,2818.300520,100917,0,973660,100917,-1,2021-08-19.03:27:18
er-1m-8m,1000000,8000000,1,3,1259.125236,0,100000,51.928326,39687,0,436606,39687,-1,2021-08-19.03:27:30
livej,4847571,68993773,1,3,5330.942512,0,100000,223674.228047,113515,0,8485944,113515,-1,2021-08-19.03:32:17
patent,6009555,16518948,1,3,3856.154672,0,100000,98.820588,104815,0,1462319,104815,-1,2021-08-19.03:33:12
pokec,1632804,30622564,1,3,2270.739668,0,100000,149.596723,86404,0,3456375,86404,-1,2021-08-19.03:33:44
rmat-1m-8m,999760,7810950,1,3,492.627436,0,100000,469.249223,100463,0,22698123,100463,-1,2021-08-19.03:33:49
ssca2,1048577,157877986,1,3,2127.304216,0,100000,1226.741912,1585377,0,120007958,1585377,-1,2021-08-19.03:35:04
wiki-links,5710993,130160392,1,3,10657.177756,0,100000,1161.418550,187850,0,48660224,187850,-1,2021-08-19.03:37:49
wikitalk,2394385,5021410,1,3,615.571187,0,100000,30862.850640,100654,0,10998272,100654,-1,2021-08-19.03:38:23
wiki_talk_en,2987536,24981163,1,3,893.301196,0,100000,831.144667,99988,0,17116465,99988,-1,2021-08-19.03:38:38
ba-1m-8m,1000000,7999964,1,2,790.895852,100000,0,2641.592228,22046,111603,1847950,0,-1,2021-08-19.03:38:57
baidu,2141301,17794839,1,2,1621.724468,100000,0,427.980854,98718,119433,9846478,0,-1,2021-08-19.03:39:30
dbpedia,3966925,13820853,1,2,2186.484112,100000,0,511.332975,101105,116984,1715815,0,-1,2021-08-19.03:39:53
er-1m-8m,1000000,8000000,1,2,1009.173546,100000,0,367.381762,39197,54623,655953,0,-1,2021-08-19.03:40:17
livej,4847571,68993773,1,2,5077.604848,100000,0,652.839021,113701,141493,11087870,0,-1,2021-08-19.03:41:32
patent,6009555,16518948,1,2,3707.915531,100000,0,1011.797878,105817,156683,2433291,0,-1,2021-08-19.03:42:19
pokec,1632804,30622564,1,2,2052.554488,100000,0,599.004953,85572,125283,5931856,0,-1,2021-08-19.03:42:54
rmat-1m-8m,999760,7810950,1,2,549.316885,100000,0,450.867250,99453,119140,28261282,0,-1,2021-08-19.03:43:01
ssca2,1048577,157877986,1,2,1420.232335,100000,0,2400.273016,1591525,1652659,125310344,0,-1,2021-08-19.03:44:22
wiki-links,5710993,130160392,1,2,9349.070782,100000,0,1116.455285,180958,198751,53148302,0,-1,2021-08-19.03:47:12
wikitalk,2394385,5021410,1,2,818.286122,100000,0,487.023846,100615,105640,14195805,0,-1,2021-08-19.03:47:17
wiki_talk_en,2987536,24981163,1,2,1090.522539,100000,0,728.121368,99931,105970,21979704,0,-1,2021-08-19.03:47:46
ba-1m-8m,1000000,7999964,1,3,904.059622,100000,0,321.391813,22064,166309,1846592,370925,-1,2021-08-19.03:47:52
baidu,2141301,17794839,1,3,1640.171391,100000,0,254.348680,98572,132137,9756116,813999,-1,2021-08-19.03:48:24
dbpedia,3966925,13820853,1,3,2000.235405,100000,0,151.530462,101229,127949,1810791,1120549,-1,2021-08-19.03:48:44
er-1m-8m,1000000,8000000,1,3,1224.509658,100000,0,105.893372,39876,67128,668936,435887,-1,2021-08-19.03:48:56
livej,4847571,68993773,1,3,5602.417297,100000,0,496.531684,113926,160572,11626884,773690,-1,2021-08-19.03:50:08
patent,6009555,16518948,1,3,3763.877773,100000,0,268.925502,107196,183873,2446187,1027769,-1,2021-08-19.03:51:05
pokec,1632804,30622564,1,3,2365.519580,100000,0,263.474830,86286,146491,5977001,723292,-1,2021-08-19.03:51:37
rmat-1m-8m,999760,7810950,1,3,481.619120,100000,0,427.629580,100177,133387,30751568,635228,-1,2021-08-19.03:51:41
ssca2,1048577,157877986,1,3,2196.151029,100000,0,11057.518937,1590055,1681173,126174993,11961608,-1,2021-08-19.03:53:06
wiki-links,5710993,130160392,1,3,9965.947582,100000,0,5725.483025,188650,219334,58141285,767753,-1,2021-08-19.03:55:57
wikitalk,2394385,5021410,1,3,648.920517,100000,0,294.727016,100628,108915,14332906,1066719,-1,2021-08-19.03:56:01
wiki_talk_en,2987536,24981163,1,3,871.950590,100000,0,437.720557,100007,109647,21706641,940563,-1,2021-08-19.03:56:10
ba-1m-8m,1000000,7999964,1,2,760.828345,0,100000,454.934668,21996,0,154218,0,-1,2021-08-19.03:56:26
baidu,2141301,17794839,1,2,1617.145200,0,100000,493.575027,103040,0,10420798,0,-1,2021-08-19.03:56:58
dbpedia,3966925,13820853,1,2,2199.290028,0,100000,928.583617,101482,0,961042,0,-1,2021-08-19.03:57:21
er-1m-8m,1000000,8000000,1,2,1015.093186,0,100000,463.312720,39495,0,433977,0,-1,2021-08-19.03:57:42
livej,4847571,68993773,1,2,5235.246613,0,100000,441.377444,112836,0,8125870,0,-1,2021-08-19.03:58:49
patent,6009555,16518948,1,2,3694.523914,0,100000,445.498242,106148,0,1467876,0,-1,2021-08-19.03:59:36
pokec,1632804,30622564,1,2,2295.506086,0,100000,404.588365,85642,0,3367894,0,-1,2021-08-19.04:00:12
rmat-1m-8m,999760,7810950,1,2,550.503661,0,100000,408.213082,99569,0,20503511,0,-1,2021-08-19.04:00:17
ssca2,1048577,157877986,1,2,1352.930834,0,100000,2034.691337,1590692,0,120473045,0,-1,2021-08-19.04:01:38
wiki-links,5710993,130160392,1,2,8893.203227,0,100000,1300.528515,184335,0,53658700,0,-1,2021-08-19.04:04:36
wikitalk,2394385,5021410,1,2,768.203279,0,100000,1427.554415,100675,0,11125271,0,-1,2021-08-19.04:04:41
wiki_talk_en,2987536,24981163,1,2,1095.014895,0,100000,839.901923,101107,0,21184035,0,-1,2021-08-19.04:05:27
ba-1m-8m,1000000,7999964,1,3,931.848673,0,100000,80725.678997,21965,0,154075,21965,-1,2021-08-19.04:06:54
baidu,2141301,17794839,1,3,1628.256423,0,100000,297.660519,99026,0,6103851,99026,-1,2021-08-19.04:07:26
dbpedia,3966925,13820853,1,3,1920.932046,0,100000,2626.131095,100621,0,1061812,100621,-1,2021-08-19.04:07:49
er-1m-8m,1000000,8000000,1,3,1152.899900,0,100000,51.238988,38979,0,428221,38979,-1,2021-08-19.04:08:01
livej,4847571,68993773,1,3,5511.230278,0,100000,24830.888673,110827,0,7860432,110827,-1,2021-08-19.04:09:29
patent,6009555,16518948,1,3,3745.279417,0,100000,98.831054,105547,0,1458597,105547,-1,2021-08-19.04:10:26
pokec,1632804,30622564,1,3,2236.995096,0,100000,148.721682,86629,0,3456363,86629,-1,2021-08-19.04:10:58
rmat-1m-8m,999760,7810950,1,3,543.535208,0,100000,438.700354,99456,0,20409198,99456,-1,2021-08-19.04:11:03
ssca2,1048577,157877986,1,3,2144.615231,0,100000,1232.508742,1592020,0,120489123,1592020,-1,2021-08-19.04:12:18
wiki-links,5710993,130160392,1,3,9568.024206,0,100000,1165.930529,184186,0,49709865,184186,-1,2021-08-19.04:15:04
wikitalk,2394385,5021410,1,3,635.419064,0,100000,1999.714143,99943,0,9384197,99943,-1,2021-08-19.04:15:10
wiki_talk_en,2987536,24981163,1,3,887.881935,0,100000,830.937347,100008,0,17035799,100008,-1,2021-08-19.04:15:29
ba-1m-8m,1000000,7999964,1,2,790.421949,100000,0,2659.005311,21949,110700,1826830,0,-1,2021-08-19.04:15:48
baidu,2141301,17794839,1,2,1672.177224,100000,0,433.452852,98737,119952,10073727,0,-1,2021-08-19.04:16:21
dbpedia,3966925,13820853,1,2,2194.719942,100000,0,608.773923,100860,117096,1769857,0,-1,2021-08-19.04:16:44
er-1m-8m,1000000,8000000,1,2,965.998804,100000,0,1211.024571,39724,55580,668498,0,-1,2021-08-19.04:17:06
livej,4847571,68993773,1,2,5005.126503,100000,0,1088.389212,112303,139823,10838554,0,-1,2021-08-19.04:18:14
patent,6009555,16518948,1,2,3627.824427,100000,0,1005.248983,104655,155227,2361195,0,-1,2021-08-19.04:19:14
pokec,1632804,30622564,1,2,1969.974735,100000,0,596.890988,85390,125213,5976208,0,-1,2021-08-19.04:19:49
rmat-1m-8m,999760,7810950,1,2,573.797097,100000,0,451.653025,99586,119835,28562909,0,-1,2021-08-19.04:19:54
ssca2,1048577,157877986,1,2,1333.942234,100000,0,2396.898798,1590503,1651490,125321308,0,-1,2021-08-19.04:21:17
wiki-links,5710993,130160392,1,2,9055.956951,100000,0,1108.087167,187419,204049,53779091,0,-1,2021-08-19.04:24:13
wikitalk,2394385,5021410,1,2,783.551887,100000,0,466.210685,99846,104964,12824478,0,-1,2021-08-19.04:24:18
wiki_talk_en,2987536,24981163,1,2,1073.127481,100000,0,799.971792,101049,106847,25430985,0,-1,2021-08-19.04:24:44
ba-1m-8m,1000000,7999964,1,3,850.518891,100000,0,350.534115,21765,166868,1856774,360863,-1,2021-08-19.04:24:50
baidu,2141301,17794839,1,3,1671.431127,100000,0,259.286783,98350,132855,10169723,809911,-1,2021-08-19.04:25:22
dbpedia,3966925,13820853,1,3,1950.097051,100000,0,152.469491,100622,128132,1866407,1103610,-1,2021-08-19.04:25:42
er-1m-8m,1000000,8000000,1,3,1257.930620,100000,0,107.406498,39660,67137,668578,443354,-1,2021-08-19.04:25:54
livej,4847571,68993773,1,3,5372.448901,100000,0,494.411999,113526,159452,11317193,773354,-1,2021-08-19.04:27:11
patent,6009555,16518948,1,3,3738.955719,100000,0,270.115599,106714,181625,2357904,1017553,-1,2021-08-19.04:27:58
pokec,1632804,30622564,1,3,2149.175673,100000,0,293.422753,85958,147611,5981557,716294,-1,2021-08-19.04:28:29
rmat-1m-8m,999760,7810950,1,3,501.452599,100000,0,386.870799,99587,133317,29150240,630392,-1,2021-08-19.04:28:34
ssca2,1048577,157877986,1,3,2175.368434,100000,0,11044.663289,1591908,1681618,125957068,11964774,-1,2021-08-19.04:29:58
wiki-links,5710993,130160392,1,3,9854.566176,100000,0,5106.049414,186306,215045,54482378,768064,-1,2021-08-19.04:32:46
wikitalk,2394385,5021410,1,3,640.834759,100000,0,298.542740,100620,109176,14522416,1075698,-1,2021-08-19.04:32:50
wiki_talk_en,2987536,24981163,1,3,881.314175,100000,0,437.761564,99986,109748,21671657,942259,-1,2021-08-19.04:32:59
ba-1m-8m,1000000,7999964,1,2,761.978799,0,100000,433.304163,22008,0,154411,0,-1,2021-08-19.04:33:15
baidu,2141301,17794839,1,2,1632.000210,0,100000,437.753181,99271,0,6198661,0,-1,2021-08-19.04:33:48
dbpedia,3966925,13820853,1,2,2195.956649,0,100000,932.392490,101145,0,1031358,0,-1,2021-08-19.04:34:11
er-1m-8m,1000000,8000000,1,2,965.162079,0,100000,462.888170,39533,0,435167,0,-1,2021-08-19.04:34:32
livej,4847571,68993773,1,2,5035.736317,0,100000,439.412707,110808,0,8099802,0,-1,2021-08-19.04:35:40
patent,6009555,16518948,1,2,3616.195842,0,100000,443.859622,106586,0,1486728,0,-1,2021-08-19.04:36:44
pokec,1632804,30622564,1,2,1980.013500,0,100000,410.241463,85865,0,3457060,0,-1,2021-08-19.04:37:19
rmat-1m-8m,999760,7810950,1,2,569.538706,0,100000,402.551081,99167,0,20007581,0,-1,2021-08-19.04:37:24
ssca2,1048577,157877986,1,2,1386.169583,0,100000,2037.030424,1590639,0,120504439,0,-1,2021-08-19.04:38:45
wiki-links,5710993,130160392,1,2,9287.986212,0,100000,1236.115543,186949,0,51013160,0,-1,2021-08-19.04:41:39
wikitalk,2394385,5021410,1,2,750.654756,0,100000,856.945040,100603,0,11034664,0,-1,2021-08-19.04:41:44
wiki_talk_en,2987536,24981163,1,2,1079.234310,0,100000,782.993357,100041,0,17248435,0,-1,2021-08-19.04:42:31
ba-1m-8m,1000000,7999964,1,3,924.603562,0,100000,44.290835,22098,0,155006,22098,-1,2021-08-19.04:42:40
baidu,2141301,17794839,1,3,1734.467875,0,100000,294.973625,98845,0,6008849,98845,-1,2021-08-19.04:43:12
dbpedia,3966925,13820853,1,3,1947.522730,0,100000,807.650325,101276,0,1051167,101276,-1,2021-08-19.04:43:33
er-1m-8m,1000000,8000000,1,3,1238.349877,0,100000,51.591732,39520,0,434956,39520,-1,2021-08-19.04:43:44
livej,4847571,68993773,1,3,5161.860708,0,100000,233.373746,114756,0,8848340,114756,-1,2021-08-19.04:44:59
patent,6009555,16518948,1,3,3783.166190,0,100000,99.373335,106485,0,1464205,106485,-1,2021-08-19.04:45:56
pokec,1632804,30622564,1,3,2341.650329,0,100000,147.682793,86055,0,3474856,86055,-1,2021-08-19.04:46:28
rmat-1m-8m,999760,7810950,1,3,546.021021,0,100000,469.421799,100285,0,22624293,100285,-1,2021-08-19.04:46:32
ssca2,1048577,157877986,1,3,2111.543873,0,100000,1228.516776,1585627,0,120028223,1585627,-1,2021-08-19.04:47:47
wiki-links,5710993,130160392,1,3,9830.656638,0,100000,1168.287313,190373,0,50218243,190373,-1,2021-08-19.04:50:34
wikitalk,2394385,5021410,1,3,636.634517,0,100000,2199.087505,100565,0,11017318,100565,-1,2021-08-19.04:50:40
wiki_talk_en,2987536,24981163,1,3,915.800531,0,100000,922.082968,101219,0,21352842,101219,-1,2021-08-19.04:50:58
ba-1m-8m,1000000,7999964,1,2,789.743386,100000,0,2715.309933,22235,111908,1886551,0,-1,2021-08-19.04:51:18
baidu,2141301,17794839,1,2,1631.726804,100000,0,443.363594,98167,119977,10467177,0,-1,2021-08-19.04:51:50
dbpedia,3966925,13820853,1,2,2208.824837,100000,0,563.158389,100729,116799,1641585,0,-1,2021-08-19.04:52:13
er-1m-8m,1000000,8000000,1,2,1016.106637,100000,0,1108.127456,40348,56200,676514,0,-1,2021-08-19.04:52:35
livej,4847571,68993773,1,2,5055.745686,100000,0,989.818409,111893,140218,11069446,0,-1,2021-08-19.04:53:44
patent,6009555,16518948,1,2,3728.085198,100000,0,1003.493852,106413,156209,2398508,0,-1,2021-08-19.04:54:31
pokec,1632804,30622564,1,2,1933.769854,100000,0,605.290492,86803,127601,6161973,0,-1,2021-08-19.04:55:06
rmat-1m-8m,999760,7810950,1,2,544.447116,100000,0,468.921573,100560,120725,30719842,0,-1,2021-08-19.04:55:11
ssca2,1048577,157877986,1,2,1348.666891,100000,0,2396.707230,1592051,1653274,125565814,0,-1,2021-08-19.04:56:33
wiki-links,5710993,130160392,1,2,9653.933540,100000,0,1182.042375,192948,209705,57470898,0,-1,2021-08-19.04:59:28
wikitalk,2394385,5021410,1,2,773.294353,100000,0,505.085110,100045,105360,12998767,0,-1,2021-08-19.04:59:32
wiki_talk_en,2987536,24981163,1,2,1092.170992,100000,0,715.743955,99930,105728,21362916,0,-1,2021-08-19.04:59:42
ba-1m-8m,1000000,7999964,1,3,940.123507,100000,0,295.291593,21986,167170,1855839,353434,-1,2021-08-19.04:59:48
baidu,2141301,17794839,1,3,1576.626787,100000,0,270.902086,98701,132458,10538482,813766,-1,2021-08-19.05:00:19
dbpedia,3966925,13820853,1,3,1930.617488,100000,0,144.069832,101013,127286,1823405,1095895,-1,2021-08-19.05:00:40
er-1m-8m,1000000,8000000,1,3,1184.029356,100000,0,105.301517,38895,65602,651310,427806,-1,2021-08-19.05:00:51
livej,4847571,68993773,1,3,5334.766224,100000,0,514.400671,115316,160663,12055773,783584,-1,2021-08-19.05:02:10
patent,6009555,16518948,1,3,3823.525113,100000,0,269.816634,107434,184073,2475335,1023794,-1,2021-08-19.05:03:07
pokec,1632804,30622564,1,3,2193.388757,100000,0,272.607269,86904,149189,6237926,724044,-1,2021-08-19.05:03:39
rmat-1m-8m,999760,7810950,1,3,515.946950,100000,0,420.983137,100661,133916,30601631,638363,-1,2021-08-19.05:03:44
ssca2,1048577,157877986,1,3,2139.697127,100000,0,11141.206849,1595997,1686665,126458257,12047335,-1,2021-08-19.05:05:08
wiki-links,5710993,130160392,1,3,10054.725334,100000,0,5217.876810,182679,211265,54034478,757585,-1,2021-08-19.05:07:55
wikitalk,2394385,5021410,1,3,642.076782,100000,0,298.827396,100636,109569,14871605,1047782,-1,2021-08-19.05:08:00
wiki_talk_en,2987536,24981163,1,3,890.660005,100000,0,523.209130,101129,110503,25106145,942671,-1,2021-08-19.05:08:08
ba-1m-8m,1000000,7999964,1,2,772.233466,0,100000,327.084562,22001,0,154223,0,-1,2021-08-19.05:08:24
baidu,2141301,17794839,1,2,1709.727604,0,100000,437.430882,98259,0,5979730,0,-1,2021-08-19.05:08:57
dbpedia,3966925,13820853,1,2,2174.760378,0,100000,1541.294142,100589,0,945394,0,-1,2021-08-19.05:09:24
er-1m-8m,1000000,8000000,1,2,956.236594,0,100000,487.448648,39708,0,438078,0,-1,2021-08-19.05:09:45
livej,4847571,68993773,1,2,5172.736705,0,100000,438.117332,113219,0,8412357,0,-1,2021-08-19.05:10:53
patent,6009555,16518948,1,2,3745.100076,0,100000,446.576579,105699,0,1454086,0,-1,2021-08-19.05:11:54
pokec,1632804,30622564,1,2,2051.132723,0,100000,411.195523,86407,0,3482855,0,-1,2021-08-19.05:12:28
rmat-1m-8m,999760,7810950,1,2,559.521642,0,100000,424.774004,100623,0,22932329,0,-1,2021-08-19.05:12:33
ssca2,1048577,157877986,1,2,1373.183204,0,100000,2038.356825,1591016,0,120408970,0,-1,2021-08-19.05:13:55
wiki-links,5710993,130160392,1,2,9085.154901,0,100000,1225.456946,190860,0,49714753,0,-1,2021-08-19.05:16:55
wikitalk,2394385,5021410,1,2,797.815532,0,100000,453.782637,100497,0,10927615,0,-1,2021-08-19.05:17:00
wiki_talk_en,2987536,24981163,1,2,1081.386666,0,100000,794.343674,100022,0,17241240,0,-1,2021-08-19.05:17:46
ba-1m-8m,1000000,7999964,1,3,879.736320,0,100000,44.250332,22099,0,155057,22099,-1,2021-08-19.05:17:52
baidu,2141301,17794839,1,3,1603.390411,0,100000,293.573856,98062,0,5934900,98062,-1,2021-08-19.05:18:24
dbpedia,3966925,13820853,1,3,1947.757108,0,100000,815.557533,101087,0,1013213,101087,-1,2021-08-19.05:18:45
er-1m-8m,1000000,8000000,1,3,1167.888427,0,100000,51.682910,39553,0,434868,39553,-1,2021-08-19.05:18:57
livej,4847571,68993773,1,3,5481.556144,0,100000,117404.478983,113745,0,8740806,113745,-1,2021-08-19.05:21:58
patent,6009555,16518948,1,3,3811.947044,0,100000,67458.413201,106047,0,1521057,106047,-1,2021-08-19.05:23:50
pokec,1632804,30622564,1,3,2248.765783,0,100000,145.440131,85437,0,3394960,85437,-1,2021-08-19.05:24:22
rmat-1m-8m,999760,7810950,1,3,515.397320,0,100000,468.355129,100624,0,22639838,100624,-1,2021-08-19.05:24:30
ssca2,1048577,157877986,1,3,2185.312618,0,100000,1238.416249,1588236,0,120265030,1588236,-1,2021-08-19.05:25:45
wiki-links,5710993,130160392,1,3,9811.729820,0,100000,9749.489529,187548,0,50018518,187548,-1,2021-08-19.05:28:54
wikitalk,2394385,5021410,1,3,649.734400,0,100000,422.794583,100727,0,11113514,100727,-1,2021-08-19.05:28:59
wiki_talk_en,2987536,24981163,1,3,881.108146,0,100000,914.328195,101179,0,21124064,101179,-1,2021-08-19.05:29:14
ba-1m-8m,1000000,7999964,1,2,785.078405,100000,0,2681.988519,21975,111000,1843702,0,-1,2021-08-19.05:29:33
baidu,2141301,17794839,1,2,1630.236125,100000,0,497.634867,102675,124389,14538338,0,-1,2021-08-19.05:30:06
dbpedia,3966925,13820853,1,2,2189.466588,100000,0,623.931952,100639,116757,1672047,0,-1,2021-08-19.05:30:30
er-1m-8m,1000000,8000000,1,2,991.482443,100000,0,1141.303188,39236,54830,659339,0,-1,2021-08-19.05:30:54
livej,4847571,68993773,1,2,4980.791776,100000,0,996.631973,110912,139273,11072675,0,-1,2021-08-19.05:32:02
patent,6009555,16518948,1,2,3599.001691,100000,0,1000.109477,108119,158212,2503477,0,-1,2021-08-19.05:33:07
pokec,1632804,30622564,1,2,1951.434861,100000,0,601.671179,85792,126623,6049917,0,-1,2021-08-19.05:33:41
rmat-1m-8m,999760,7810950,1,2,561.236195,100000,0,465.069911,100460,120435,30479236,0,-1,2021-08-19.05:33:46
ssca2,1048577,157877986,1,2,1412.464866,100000,0,2390.691209,1587859,1648274,125126312,0,-1,2021-08-19.05:35:08
wiki-links,5710993,130160392,1,2,8992.910868,100000,0,1169.460780,192075,209156,58345443,0,-1,2021-08-19.05:38:03
wikitalk,2394385,5021410,1,2,746.698788,100000,0,508.628676,100539,105756,14688714,0,-1,2021-08-19.05:38:08
wiki_talk_en,2987536,24981163,1,2,1081.172386,100000,0,744.914606,101222,106708,24948830,0,-1,2021-08-19.05:38:35
ba-1m-8m,1000000,7999964,1,3,934.354755,100000,0,300.060236,21904,167557,1886886,367515,-1,2021-08-19.05:38:41
baidu,2141301,17794839,1,3,1688.764713,100000,0,258.364028,98650,132486,10010310,815778,-1,2021-08-19.05:39:13
dbpedia,3966925,13820853,1,3,1939.365609,100000,0,152.882728,101580,128227,1829141,1115105,-1,2021-08-19.05:39:33
er-1m-8m,1000000,8000000,1,3,1211.563407,100000,0,108.601570,39580,66793,663682,446123,-1,2021-08-19.05:39:45
livej,4847571,68993773,1,3,5318.258066,100000,0,501.035526,113721,159291,11720741,776044,-1,2021-08-19.05:40:59
patent,6009555,16518948,1,3,3702.684948,100000,0,260.764676,106537,180974,2386626,1005696,-1,2021-08-19.05:41:40
pokec,1632804,30622564,1,3,2229.636942,100000,0,264.791334,86029,148434,6113603,718162,-1,2021-08-19.05:42:12
rmat-1m-8m,999760,7810950,1,3,525.632766,100000,0,433.850114,100570,134746,31615752,637111,-1,2021-08-19.05:42:17
ssca2,1048577,157877986,1,3,2179.497153,100000,0,10989.438669,1587459,1674374,125597341,11892991,-1,2021-08-19.05:43:42
wiki-links,5710993,130160392,1,3,10719.061854,100000,0,7013.442776,184403,216118,57072654,759116,-1,2021-08-19.05:46:33
wikitalk,2394385,5021410,1,3,631.634842,100000,0,298.893163,100564,108983,14522396,1101843,-1,2021-08-19.05:46:37
wiki_talk_en,2987536,24981163,1,3,915.533477,100000,0,414.949313,99960,109571,21025535,937664,-1,2021-08-19.05:46:46
ba-1m-8m,1000000,7999964,1,2,820.374962,0,100000,329.134310,22068,0,154798,0,-1,2021-08-19.05:47:02
baidu,2141301,17794839,1,2,1627.652584,0,100000,434.902730,98935,0,6011315,0,-1,2021-08-19.05:47:35
dbpedia,3966925,13820853,1,2,2180.240519,0,100000,927.523318,100593,0,941157,0,-1,2021-08-19.05:47:59
er-1m-8m,1000000,8000000,1,2,964.021098,0,100000,450.548709,39251,0,431167,0,-1,2021-08-19.05:48:21
livej,4847571,68993773,1,2,4993.157075,0,100000,534.641529,110975,0,7985976,0,-1,2021-08-19.05:49:29
patent,6009555,16518948,1,2,3685.993843,0,100000,448.810425,107004,0,1485787,0,-1,2021-08-19.05:50:32
pokec,1632804,30622564,1,2,1962.317528,0,100000,414.394828,86765,0,3498900,0,-1,2021-08-19.05:51:07
rmat-1m-8m,999760,7810950,1,2,601.686172,0,100000,427.045756,100739,0,23033869,0,-1,2021-08-19.05:51:12
ssca2,1048577,157877986,1,2,1381.811308,0,100000,2041.738738,1596722,0,120964614,0,-1,2021-08-19.05:52:33
wiki-links,5710993,130160392,1,2,9268.440093,0,100000,1220.445359,185414,0,48929709,0,-1,2021-08-19.05:55:27
wikitalk,2394385,5021410,1,2,778.848095,0,100000,454.869148,100609,0,11100581,0,-1,2021-08-19.05:55:32
wiki_talk_en,2987536,24981163,1,2,1102.724948,0,100000,838.964025,101302,0,21383327,0,-1,2021-08-19.05:56:18
ba-1m-8m,1000000,7999964,1,3,890.289785,0,100000,44.067441,21939,0,153821,21939,-1,2021-08-19.05:56:26
baidu,2141301,17794839,1,3,1612.577991,0,100000,293.416974,98740,0,5952586,98740,-1,2021-08-19.05:56:59
dbpedia,3966925,13820853,1,3,1923.857254,0,100000,2290.859422,101157,0,956903,101157,-1,2021-08-19.05:57:21
er-1m-8m,1000000,8000000,1,3,1287.316789,0,100000,51.046176,38599,0,423191,38599,-1,2021-08-19.05:57:33
livej,4847571,68993773,1,3,5440.530051,0,100000,98095.200272,113307,0,8853843,113307,-1,2021-08-19.06:00:27
patent,6009555,16518948,1,3,3886.380551,0,100000,99.418803,106393,0,1462306,106393,-1,2021-08-19.06:01:25
pokec,1632804,30622564,1,3,2371.194146,0,100000,146.973593,86352,0,3426053,86352,-1,2021-08-19.06:01:57
rmat-1m-8m,999760,7810950,1,3,518.618348,0,100000,475.180135,100514,0,22697146,100514,-1,2021-08-19.06:02:01
ssca2,1048577,157877986,1,3,2178.064136,0,100000,1230.522168,1586132,0,120016692,1586132,-1,2021-08-19.06:03:16
wiki-links,5710993,130160392,1,3,10265.999819,0,100000,1346.513315,189934,0,57193016,189934,-1,2021-08-19.06:06:01
wikitalk,2394385,5021410,1,3,623.516837,0,100000,31946.608911,100634,0,11016795,100634,-1,2021-08-19.06:06:37
wiki_talk_en,2987536,24981163,1,3,863.687974,0,100000,840.602632,100224,0,17335950,100224,-1,2021-08-19.06:06:46
ba-1m-8m,1000000,7999964,1,2,772.821105,100000,0,2487.231414,21960,111393,1842174,0,-1,2021-08-19.06:07:04
baidu,2141301,17794839,1,2,1640.888796,100000,0,426.175448,98254,118998,9725972,0,-1,2021-08-19.06:07:37
dbpedia,3966925,13820853,1,2,2209.242186,100000,0,565.229603,100752,117436,1725377,0,-1,2021-08-19.06:08:01
er-1m-8m,1000000,8000000,1,2,969.554139,100000,0,1165.282507,39764,55678,670829,0,-1,2021-08-19.06:08:23
livej,4847571,68993773,1,2,5473.893128,100000,0,1156.924712,114948,142902,11536401,0,-1,2021-08-19.06:09:33
patent,6009555,16518948,1,2,3733.775464,100000,0,1235.908771,106337,156170,2382609,0,-1,2021-08-19.06:10:25
pokec,1632804,30622564,1,2,1944.513031,100000,0,594.979482,85913,125304,5962201,0,-1,2021-08-19.06:11:02
rmat-1m-8m,999760,7810950,1,2,551.502108,100000,0,430.845185,100401,120615,30790151,0,-1,2021-08-19.06:11:07
ssca2,1048577,157877986,1,2,1356.580933,100000,0,2401.556136,1596155,1656015,125777948,0,-1,2021-08-19.06:12:28
wiki-links,5710993,130160392,1,2,8861.246847,100000,0,1130.762140,186686,203128,54701650,0,-1,2021-08-19.06:15:26
wikitalk,2394385,5021410,1,2,799.257088,100000,0,550.076206,100705,105775,14181692,0,-1,2021-08-19.06:15:31
wiki_talk_en,2987536,24981163,1,2,1090.080636,100000,0,714.914918,100109,105876,21512268,0,-1,2021-08-19.06:15:54
ba-1m-8m,1000000,7999964,1,3,938.539203,100000,0,298.447482,21928,165938,1834126,360773,-1,2021-08-19.06:16:00
baidu,2141301,17794839,1,3,1716.566656,100000,0,259.461586,98918,132554,10062797,813723,-1,2021-08-19.06:16:32
dbpedia,3966925,13820853,1,3,1972.956860,100000,0,147.631039,101252,128186,1638589,1136130,-1,2021-08-19.06:16:53
er-1m-8m,1000000,8000000,1,3,1163.431276,100000,0,106.876179,40178,67559,672655,443365,-1,2021-08-19.06:17:05
livej,4847571,68993773,1,3,5427.281785,100000,0,466.171556,111877,158373,10819765,776722,-1,2021-08-19.06:18:20
patent,6009555,16518948,1,3,3705.146187,100000,0,266.643169,106627,182657,2446562,999853,-1,2021-08-19.06:19:17
pokec,1632804,30622564,1,3,2189.612535,100000,0,260.592465,86390,145945,5908308,724207,-1,2021-08-19.06:19:49
rmat-1m-8m,999760,7810950,1,3,505.680587,100000,0,439.218056,100913,134432,31031338,637830,-1,2021-08-19.06:19:54
ssca2,1048577,157877986,1,3,2219.128337,100000,0,11085.154261,1593526,1681844,125946345,11999430,-1,2021-08-19.06:21:19
wiki-links,5710993,130160392,1,3,9733.375376,100000,0,5405.228132,188174,217245,56386473,769900,-1,2021-08-19.06:24:07
wikitalk,2394385,5021410,1,3,635.893695,100000,0,298.944249,100653,109341,14429180,1096801,-1,2021-08-19.06:24:11
wiki_talk_en,2987536,24981163,1,3,906.123122,100000,0,434.868595,100265,109830,21445098,961456,-1,2021-08-19.06:24:20
ba-1m-8m,1000000,7999964,1,2,777.212991,0,100000,330.506221,22094,0,154981,0,-1,2021-08-19.06:24:36
baidu,2141301,17794839,1,2,1639.501271,0,100000,497.398498,103511,0,10542909,0,-1,2021-08-19.06:25:10
dbpedia,3966925,13820853,1,2,2203.793517,0,100000,924.145935,100662,0,1001714,0,-1,2021-08-19.06:25:33
er-1m-8m,1000000,8000000,1,2,976.071241,0,100000,466.592530,39424,0,433615,0,-1,2021-08-19.06:25:54
livej,4847571,68993773,1,2,5111.428685,0,100000,435.532742,112426,0,8181308,0,-1,2021-08-19.06:27:01
patent,6009555,16518948,1,2,3603.171479,0,100000,435.677479,103799,0,1432372,0,-1,2021-08-19.06:28:04
pokec,1632804,30622564,1,2,1940.115252,0,100000,402.240436,85691,0,3392901,0,-1,2021-08-19.06:28:40
rmat-1m-8m,999760,7810950,1,2,556.202613,0,100000,427.257471,100792,0,22914095,0,-1,2021-08-19.06:28:46
ssca2,1048577,157877986,1,2,1415.709990,0,100000,2035.103587,1592947,0,120527125,0,-1,2021-08-19.06:30:06
wiki-links,5710993,130160392,1,2,9046.071215,0,100000,1265.595868,191585,0,52603938,0,-1,2021-08-19.06:32:58
wikitalk,2394385,5021410,1,2,762.791426,0,100000,1211.824700,100592,0,11231700,0,-1,2021-08-19.06:33:04
wiki_talk_en,2987536,24981163,1,2,1118.070859,0,100000,795.311517,99948,0,17327238,0,-1,2021-08-19.06:33:50
ba-1m-8m,1000000,7999964,1,3,920.464039,0,100000,44.310248,22126,0,155229,22126,-1,2021-08-19.06:33:59
baidu,2141301,17794839,1,3,1626.461823,0,100000,388.332834,101934,0,10282210,101934,-1,2021-08-19.06:34:32
dbpedia,3966925,13820853,1,3,1921.606464,0,100000,2753.484200,100943,0,1078427,100943,-1,2021-08-19.06:34:55
er-1m-8m,1000000,8000000,1,3,1290.671167,0,100000,51.964628,39796,0,437964,39796,-1,2021-08-19.06:35:07
livej,4847571,68993773,1,3,5356.466474,0,100000,177513.570224,112888,0,8415176,112888,-1,2021-08-19.06:39:08
patent,6009555,16518948,1,3,3862.007470,0,100000,99.578669,106848,0,1468941,106848,-1,2021-08-19.06:40:05
pokec,1632804,30622564,1,3,2263.234259,0,100000,146.633633,85355,0,3419143,85355,-1,2021-08-19.06:40:37
rmat-1m-8m,999760,7810950,1,3,509.203456,0,100000,469.630409,100448,0,22624697,100448,-1,2021-08-19.06:40:42
ssca2,1048577,157877986,1,3,2160.954045,0,100000,1235.569148,1591623,0,120493019,1591623,-1,2021-08-19.06:41:57
wiki-links,5710993,130160392,1,3,10058.181426,0,100000,1162.557234,186205,0,49129542,186205,-1,2021-08-19.06:44:40
wikitalk,2394385,5021410,1,3,656.683718,0,100000,425.107485,100533,0,11065904,100533,-1,2021-08-19.06:44:44
wiki_talk_en,2987536,24981163,1,3,897.428687,0,100000,926.230879,101317,0,21236681,101317,-1,2021-08-19.06:45:00
ba-1m-8m,1000000,7999964,1,2,792.562933,100000,0,2798.400953,21938,111286,1862486,0,-1,2021-08-19.06:45:20
baidu,2141301,17794839,1,2,1608.586433,100000,0,431.850172,99364,120211,10011472,0,-1,2021-08-19.06:45:53
dbpedia,3966925,13820853,1,2,2196.168027,100000,0,557.799374,101284,118127,1860552,0,-1,2021-08-19.06:46:16
er-1m-8m,1000000,8000000,1,2,969.624097,100000,0,1128.356675,39562,55172,664034,0,-1,2021-08-19.06:46:39
livej,4847571,68993773,1,2,5156.785917,100000,0,1039.774104,112746,140430,11569917,0,-1,2021-08-19.06:47:48
patent,6009555,16518948,1,2,3588.297301,100000,0,990.790070,106003,155030,2379320,0,-1,2021-08-19.06:48:50
pokec,1632804,30622564,1,2,2018.174991,100000,0,747.600957,86807,127527,6151029,0,-1,2021-08-19.06:49:25
rmat-1m-8m,999760,7810950,1,2,532.338194,100000,0,439.735981,99548,119111,27932623,0,-1,2021-08-19.06:49:32
ssca2,1048577,157877986,1,2,1365.314255,100000,0,2395.703808,1592517,1652105,125343604,0,-1,2021-08-19.06:50:54
wiki-links,5710993,130160392,1,2,9132.058138,100000,0,1111.895214,185066,202079,53526071,0,-1,2021-08-19.06:53:47
wikitalk,2394385,5021410,1,2,784.719682,100000,0,605.016598,99851,105082,12914210,0,-1,2021-08-19.06:53:52
wiki_talk_en,2987536,24981163,1,2,1081.934195,100000,0,730.233679,101233,106881,25904618,0,-1,2021-08-19.06:54:18
ba-1m-8m,1000000,7999964,1,3,903.874810,100000,0,354.311196,22037,167304,1870901,353944,-1,2021-08-19.06:54:24
baidu,2141301,17794839,1,3,1572.694959,100000,0,259.874903,99395,133332,10046676,813253,-1,2021-08-19.06:54:56
dbpedia,3966925,13820853,1,3,1950.034365,100000,0,147.782164,101007,127396,1866990,1120288,-1,2021-08-19.06:55:17
er-1m-8m,1000000,8000000,1,3,1235.053118,100000,0,107.329452,39454,66723,664746,436832,-1,2021-08-19.06:55:29
livej,4847571,68993773,1,3,5247.384189,100000,0,479.064661,113489,159157,11394234,775182,-1,2021-08-19.06:56:47
patent,6009555,16518948,1,3,3873.909828,100000,0,267.981397,106566,182397,2429092,1022318,-1,2021-08-19.06:57:44
pokec,1632804,30622564,1,3,2288.303383,100000,0,271.963308,86002,147899,6082292,723376,-1,2021-08-19.06:58:16
rmat-1m-8m,999760,7810950,1,3,500.322004,100000,0,440.391918,100500,134270,30998196,636311,-1,2021-08-19.06:58:21
ssca2,1048577,157877986,1,3,2208.247836,100000,0,11216.153000,1594916,1685568,126380765,12007355,-1,2021-08-19.06:59:46
wiki-links,5710993,130160392,1,3,9944.789408,100000,0,5377.652969,191112,220091,57409661,777535,-1,2021-08-19.07:02:35
wikitalk,2394385,5021410,1,3,641.696723,100000,0,262.796607,100049,108393,12319831,1089446,-1,2021-08-19.07:02:39
wiki_talk_en,2987536,24981163,1,3,896.115739,100000,0,429.971712,99849,109731,21957863,934205,-1,2021-08-19.07:02:48
ba-1m-8m,1000000,7999964,1,2,760.352168,0,100000,434.016318,22104,0,155033,0,-1,2021-08-19.07:03:03
baidu,2141301,17794839,1,2,1614.583633,0,100000,434.120854,98460,0,5928395,0,-1,2021-08-19.07:03:37
dbpedia,3966925,13820853,1,2,2224.014007,0,100000,934.655102,101417,0,1252951,0,-1,2021-08-19.07:04:00
er-1m-8m,1000000,8000000,1,2,958.133551,0,100000,478.814948,38626,0,423807,0,-1,2021-08-19.07:04:21
livej,4847571,68993773,1,2,5111.672411,0,100000,426.974832,111336,0,8428900,0,-1,2021-08-19.07:05:29
patent,6009555,16518948,1,2,3704.393096,0,100000,448.556745,107079,0,1516441,0,-1,2021-08-19.07:06:15
pokec,1632804,30622564,1,2,2046.720717,0,100000,405.734413,85974,0,3373352,0,-1,2021-08-19.07:06:50
rmat-1m-8m,999760,7810950,1,2,562.116715,0,100000,407.831463,99800,0,20499242,0,-1,2021-08-19.07:06:58
ssca2,1048577,157877986,1,2,1430.192588,0,100000,2040.623893,1601421,0,121336341,0,-1,2021-08-19.07:08:20
wiki-links,5710993,130160392,1,2,9148.395251,0,100000,1345.118230,187101,0,57399211,0,-1,2021-08-19.07:11:13
wikitalk,2394385,5021410,1,2,830.903430,0,100000,474.670256,100538,0,10938086,0,-1,2021-08-19.07:11:18
wiki_talk_en,2987536,24981163,1,2,1090.499274,0,100000,786.218418,100076,0,17153871,0,-1,2021-08-19.07:12:04
ba-1m-8m,1000000,7999964,1,3,849.141245,0,100000,916.754670,21904,0,153620,21904,-1,2021-08-19.07:12:11
baidu,2141301,17794839,1,3,1768.059539,0,100000,296.035196,99133,0,6105781,99133,-1,2021-08-19.07:12:43
dbpedia,3966925,13820853,1,3,2009.614580,0,100000,2665.992772,100827,0,1063449,100827,-1,2021-08-19.07:13:06
er-1m-8m,1000000,8000000,1,3,1279.346780,0,100000,51.598425,39756,0,437247,39756,-1,2021-08-19.07:13:18
livej,4847571,68993773,1,3,5480.523192,0,100000,219063.813422,111797,0,8148444,111797,-1,2021-08-19.07:18:00
patent,6009555,16518948,1,3,3809.989487,0,100000,100.583943,106881,0,1507428,106881,-1,2021-08-19.07:18:57
pokec,1632804,30622564,1,3,2359.046602,0,100000,144.616487,85186,0,3318949,85186,-1,2021-08-19.07:19:29
rmat-1m-8m,999760,7810950,1,3,504.326247,0,100000,469.799287,100292,0,22599471,100292,-1,2021-08-19.07:19:34
ssca2,1048577,157877986,1,3,2167.852490,0,100000,1234.846488,1595303,0,120787031,1595303,-1,2021-08-19.07:20:49
wiki-links,5710993,130160392,1,3,10283.985858,0,100000,37401.199809,185191,0,49949728,185191,-1,2021-08-19.07:24:09
wikitalk,2394385,5021410,1,3,626.714972,0,100000,31211.025338,100542,0,11091184,100542,-1,2021-08-19.07:24:44
wiki_talk_en,2987536,24981163,1,3,902.005381,0,100000,835.484634,100110,0,17405191,100110,-1,2021-08-19.07:24:56
ba-1m-8m,1000000,7999964,1,2,790.345023,100000,0,2736.919053,22407,111718,1873407,0,-1,2021-08-19.07:25:15
baidu,2141301,17794839,1,2,1624.421533,100000,0,497.687019,102462,123975,14363508,0,-1,2021-08-19.07:25:48
dbpedia,3966925,13820853,1,2,2201.397573,100000,0,584.569637,100990,117265,1686432,0,-1,2021-08-19.07:26:11
er-1m-8m,1000000,8000000,1,2,954.936188,100000,0,376.938456,39418,55417,667586,0,-1,2021-08-19.07:26:32
livej,4847571,68993773,1,2,5259.494249,100000,0,999.773323,114226,142192,11304065,0,-1,2021-08-19.07:27:41
patent,6009555,16518948,1,2,3748.146460,100000,0,964.123499,106982,157825,2428915,0,-1,2021-08-19.07:28:28
pokec,1632804,30622564,1,2,1940.657122,100000,0,713.510978,85748,125798,5982132,0,-1,2021-08-19.07:29:03
rmat-1m-8m,999760,7810950,1,2,543.317427,100000,0,441.675595,99531,119511,28418874,0,-1,2021-08-19.07:29:08
ssca2,1048577,157877986,1,2,1374.866503,100000,0,2395.001683,1587813,1648282,125187898,0,-1,2021-08-19.07:30:30
wiki-links,5710993,130160392,1,2,9434.142235,100000,0,1110.841906,186492,203101,54410398,0,-1,2021-08-19.07:33:24
wikitalk,2394385,5021410,1,2,792.242603,100000,0,466.866675,100524,105748,14444097,0,-1,2021-08-19.07:33:29
wiki_talk_en,2987536,24981163,1,2,1103.098798,100000,0,780.796818,101114,106846,25518451,0,-1,2021-08-19.07:33:42
ba-1m-8m,1000000,7999964,1,3,969.812383,100000,0,293.186845,22114,165760,1832056,363921,-1,2021-08-19.07:33:48
baidu,2141301,17794839,1,3,1663.862693,100000,0,262.087280,98899,132718,10293226,816621,-1,2021-08-19.07:34:21
dbpedia,3966925,13820853,1,3,1918.097134,100000,0,147.324078,101075,127950,1705221,1118262,-1,2021-08-19.07:34:41
er-1m-8m,1000000,8000000,1,3,1169.151992,100000,0,106.304785,39168,66453,661050,439539,-1,2021-08-19.07:34:53
livej,4847571,68993773,1,3,5296.744288,100000,0,457.456738,112177,158186,11040302,768885,-1,2021-08-19.07:36:09
patent,6009555,16518948,1,3,3871.192501,100000,0,266.547005,104864,181880,2402681,1010699,-1,2021-08-19.07:37:06
pokec,1632804,30622564,1,3,2353.403526,100000,0,267.191779,85949,147589,6033050,716941,-1,2021-08-19.07:37:38
rmat-1m-8m,999760,7810950,1,3,514.057534,100000,0,384.131777,99645,132834,28519267,633341,-1,2021-08-19.07:37:43
ssca2,1048577,157877986,1,3,2207.181031,100000,0,11098.531739,1591678,1682501,126292347,12120613,-1,2021-08-19.07:39:07
wiki-links,5710993,130160392,1,3,10508.037672,100000,0,5452.104676,185567,215883,55419343,772722,-1,2021-08-19.07:41:57
wikitalk,2394385,5021410,1,3,615.362794,100000,0,294.261017,100649,109117,14231920,1086661,-1,2021-08-19.07:42:02
wiki_talk_en,2987536,24981163,1,3,903.236463,100000,0,420.994561,99915,109506,20819633,930886,-1,2021-08-19.07:42:11
ba-1m-8m,1000000,7999964,1,2,787.396367,0,100000,329.586534,22052,0,154685,0,-1,2021-08-19.07:42:27
baidu,2141301,17794839,1,2,1650.460784,0,100000,493.513633,103169,0,10368905,0,-1,2021-08-19.07:43:00
dbpedia,3966925,13820853,1,2,2206.304796,0,100000,931.405304,101496,0,1092431,0,-1,2021-08-19.07:43:24
er-1m-8m,1000000,8000000,1,2,1026.834453,0,100000,462.512213,39179,0,431302,0,-1,2021-08-19.07:43:44
livej,4847571,68993773,1,2,5088.590447,0,100000,596.706171,114200,0,8354989,0,-1,2021-08-19.07:44:52
patent,6009555,16518948,1,2,3668.270081,0,100000,459.231599,105875,0,1495283,0,-1,2021-08-19.07:45:39
pokec,1632804,30622564,1,2,2040.518712,0,100000,408.470561,86590,0,3488794,0,-1,2021-08-19.07:46:13
rmat-1m-8m,999760,7810950,1,2,559.262161,0,100000,423.746099,100392,0,22545942,0,-1,2021-08-19.07:46:18
ssca2,1048577,157877986,1,2,1387.903665,0,100000,2042.195860,1594182,0,120921503,0,-1,2021-08-19.07:47:40
wiki-links,5710993,130160392,1,2,10255.858621,0,100000,1217.862956,187825,0,49157456,0,-1,2021-08-19.07:50:39
wikitalk,2394385,5021410,1,2,752.899169,0,100000,1450.988980,100533,0,10946817,0,-1,2021-08-19.07:50:45
wiki_talk_en,2987536,24981163,1,2,1112.829564,0,100000,786.684164,100015,0,17313603,0,-1,2021-08-19.07:51:31
ba-1m-8m,1000000,7999964,1,3,939.911148,0,100000,85361.050150,21989,0,154155,21989,-1,2021-08-19.07:53:03
baidu,2141301,17794839,1,3,1617.947866,0,100000,386.903229,102724,0,10243878,102724,-1,2021-08-19.07:53:35
dbpedia,3966925,13820853,1,3,1980.749687,0,100000,2639.534901,101001,0,994548,101001,-1,2021-08-19.07:53:58
er-1m-8m,1000000,8000000,1,3,1220.130729,0,100000,51.930705,38960,0,427918,38960,-1,2021-08-19.07:54:10
livej,4847571,68993773,1,3,5585.289043,0,100000,23445.263842,113409,0,8501217,113409,-1,2021-08-19.07:55:40
patent,6009555,16518948,1,3,3909.781654,0,100000,99.838677,106076,0,1473991,106076,-1,2021-08-19.07:56:35
pokec,1632804,30622564,1,3,2387.708474,0,100000,146.617527,85364,0,3342670,85364,-1,2021-08-19.07:57:07
rmat-1m-8m,999760,7810950,1,3,508.966813,0,100000,440.682593,99506,0,20490510,99506,-1,2021-08-19.07:57:12
ssca2,1048577,157877986,1,3,2180.656433,0,100000,1233.755670,1591027,0,120341306,1591027,-1,2021-08-19.07:58:27
wiki-links,5710993,130160392,1,3,10497.599364,0,100000,1143.084188,184474,0,48382839,184474,-1,2021-08-19.08:01:15
wikitalk,2394385,5021410,1,3,662.633733,0,100000,424.122521,100517,0,11037651,100517,-1,2021-08-19.08:01:19
wiki_talk_en,2987536,24981163,1,3,904.809810,0,100000,839.527783,100150,0,17434649,100150,-1,2021-08-19.08:01:35
ba-1m-8m,1000000,7999964,1,2,767.860368,100000,0,1911.678077,21880,111971,1865001,0,-1,2021-08-19.08:01:52
baidu,2141301,17794839,1,2,1651.830257,100000,0,435.325594,98530,119965,10271671,0,-1,2021-08-19.08:02:26
dbpedia,3966925,13820853,1,2,2174.920882,100000,0,565.882392,101898,118768,1927071,0,-1,2021-08-19.08:02:49
er-1m-8m,1000000,8000000,1,2,954.362072,100000,0,368.552501,39709,55770,670473,0,-1,2021-08-19.08:03:12
livej,4847571,68993773,1,2,5076.830557,100000,0,1044.756376,112701,140039,10984354,0,-1,2021-08-19.08:04:21
patent,6009555,16518948,1,2,3662.775990,100000,0,1095.103010,106403,156853,2407042,0,-1,2021-08-19.08:05:08
pokec,1632804,30622564,1,2,2044.017342,100000,0,601.332925,85819,126136,6072583,0,-1,2021-08-19.08:05:48
rmat-1m-8m,999760,7810950,1,2,534.504065,100000,0,446.181504,99629,119758,28490347,0,-1,2021-08-19.08:05:53
ssca2,1048577,157877986,1,2,1369.426073,100000,0,2388.278102,1587983,1648012,124833197,0,-1,2021-08-19.08:07:15
wiki-links,5710993,130160392,1,2,8824.436287,100000,0,1150.431438,187614,204864,56373050,0,-1,2021-08-19.08:10:06
wikitalk,2394385,5021410,1,2,785.646089,100000,0,532.000628,100010,105082,12815001,0,-1,2021-08-19.08:10:11
wiki_talk_en,2987536,24981163,1,2,1101.910714,100000,0,710.059291,99907,105455,20608028,0,-1,2021-08-19.08:10:21
ba-1m-8m,1000000,7999964,1,3,902.667362,100000,0,300.230595,21963,167468,1886709,372955,-1,2021-08-19.08:10:27
baidu,2141301,17794839,1,3,1634.862659,100000,0,263.183625,98931,133098,10260845,817256,-1,2021-08-19.08:10:58
dbpedia,3966925,13820853,1,3,1950.731190,100000,0,149.011463,100667,127640,1840489,1109961,-1,2021-08-19.08:11:19
er-1m-8m,1000000,8000000,1,3,1210.163210,100000,0,104.962362,38833,66071,654089,423624,-1,2021-08-19.08:11:31
livej,4847571,68993773,1,3,5465.654574,100000,0,460.429163,111381,157076,10872044,775508,-1,2021-08-19.08:12:46
patent,6009555,16518948,1,3,3767.794562,100000,0,264.905866,105095,183200,2424905,996225,-1,2021-08-19.08:13:43
pokec,1632804,30622564,1,3,2415.288291,100000,0,268.505306,86378,148238,6131084,725890,-1,2021-08-19.08:14:16
rmat-1m-8m,999760,7810950,1,3,533.982751,100000,0,379.889202,99502,132558,28112291,639965,-1,2021-08-19.08:14:28
ssca2,1048577,157877986,1,3,2168.084761,100000,0,11126.288998,1590666,1685419,126266240,12026130,-1,2021-08-19.08:15:53
wiki-links,5710993,130160392,1,3,10276.128460,100000,0,28459.935075,192687,224053,60632068,791074,-1,2021-08-19.08:19:04
wikitalk,2394385,5021410,1,3,608.725697,100000,0,293.776105,100689,109302,14459141,1076688,-1,2021-08-19.08:19:09
wiki_talk_en,2987536,24981163,1,3,881.153189,100000,0,435.691929,99871,109819,22326593,967105,-1,2021-08-19.08:19:18
ba-1m-8m,1000000,7999964,1,2,753.303165,0,100000,365.706690,21667,0,151953,0,-1,2021-08-19.08:19:34
baidu,2141301,17794839,1,2,1613.922009,0,100000,435.652815,98547,0,5874239,0,-1,2021-08-19.08:20:07
dbpedia,3966925,13820853,1,2,2181.154494,0,100000,932.065917,101306,0,1026695,0,-1,2021-08-19.08:20:30
er-1m-8m,1000000,8000000,1,2,962.673593,0,100000,488.200596,39289,0,431514,0,-1,2021-08-19.08:20:52
livej,4847571,68993773,1,2,5144.813018,0,100000,527.741862,112926,0,8430380,0,-1,2021-08-19.08:22:04
patent,6009555,16518948,1,2,3690.247264,0,100000,446.910740,106757,0,1523311,0,-1,2021-08-19.08:22:51
pokec,1632804,30622564,1,2,1967.378869,0,100000,417.459143,86406,0,3408578,0,-1,2021-08-19.08:23:26
rmat-1m-8m,999760,7810950,1,2,544.345512,0,100000,429.722077,100723,0,22821714,0,-1,2021-08-19.08:23:31
ssca2,1048577,157877986,1,2,1344.425770,0,100000,2029.730196,1587197,0,120118415,0,-1,2021-08-19.08:24:52
wiki-links,5710993,130160392,1,2,8969.873171,0,100000,1233.126451,186955,0,49817542,0,-1,2021-08-19.08:27:47
wikitalk,2394385,5021410,1,2,750.267538,0,100000,997.416161,100615,0,11072499,0,-1,2021-08-19.08:27:52
wiki_talk_en,2987536,24981163,1,2,1085.618944,0,100000,841.380787,101170,0,21357430,0,-1,2021-08-19.08:28:01
ba-1m-8m,1000000,7999964,1,3,881.644922,0,100000,88011.302252,22258,0,156108,22258,-1,2021-08-19.08:29:35
baidu,2141301,17794839,1,3,1583.219042,0,100000,297.740976,98547,0,6058625,98547,-1,2021-08-19.08:30:07
dbpedia,3966925,13820853,1,3,1935.251884,0,100000,2962.270121,100838,0,1103665,100838,-1,2021-08-19.08:30:30
er-1m-8m,1000000,8000000,1,3,1158.037807,0,100000,51.732132,39481,0,433445,39481,-1,2021-08-19.08:30:42
livej,4847571,68993773,1,3,5587.572952,0,100000,21752.124982,112292,0,8639990,112292,-1,2021-08-19.08:32:07
patent,6009555,16518948,1,3,3813.112067,0,100000,101.962330,108255,0,1541025,108255,-1,2021-08-19.08:33:04
pokec,1632804,30622564,1,3,2200.842926,0,100000,36458.801026,85985,0,3411618,85985,-1,2021-08-19.08:34:13
rmat-1m-8m,999760,7810950,1,3,522.169247,0,100000,465.232437,100422,0,22569165,100422,-1,2021-08-19.08:34:26
ssca2,1048577,157877986,1,3,2283.833357,0,100000,1292.508797,1591260,0,120469898,1591260,-1,2021-08-19.08:35:41
wiki-links,5710993,130160392,1,3,10254.907594,0,100000,1206.412974,190146,0,52352065,190146,-1,2021-08-19.08:38:27
wikitalk,2394385,5021410,1,3,641.348867,0,100000,2296.277361,100530,0,11062847,100530,-1,2021-08-19.08:38:33
wiki_talk_en,2987536,24981163,1,3,891.679311,0,100000,930.454761,101193,0,21409144,101193,-1,2021-08-19.08:38:51
ba-1m-8m,1000000,7999964,1,2,786.046666,100000,0,2252.509662,22160,111477,1847224,0,-1,2021-08-19.08:39:09
baidu,2141301,17794839,1,2,1621.030978,100000,0,503.062328,102909,123999,14382654,0,-1,2021-08-19.08:39:42
dbpedia,3966925,13820853,1,2,2191.893586,100000,0,577.300871,101613,117462,1884256,0,-1,2021-08-19.08:40:05
er-1m-8m,1000000,8000000,1,2,965.379697,100000,0,1185.398967,39328,54937,661260,0,-1,2021-08-19.08:40:27
livej,4847571,68993773,1,2,5205.618331,100000,0,669.968804,114636,141857,11589421,0,-1,2021-08-19.08:41:34
patent,6009555,16518948,1,2,3702.085889,100000,0,988.722234,107388,157840,2464314,0,-1,2021-08-19.08:42:37
pokec,1632804,30622564,1,2,2034.926273,100000,0,607.313960,86045,127177,6122954,0,-1,2021-08-19.08:43:14
rmat-1m-8m,999760,7810950,1,2,548.739093,100000,0,419.246947,99116,119067,27854465,0,-1,2021-08-19.08:43:19
ssca2,1048577,157877986,1,2,1407.309884,100000,0,2412.727393,1590681,1652177,125457351,0,-1,2021-08-19.08:44:41
wiki-links,5710993,130160392,1,2,8961.749156,100000,0,1142.359195,188582,205360,56299035,0,-1,2021-08-19.08:47:36
wikitalk,2394385,5021410,1,2,755.089826,100000,0,551.500269,99812,104996,13034948,0,-1,2021-08-19.08:47:41
wiki_talk_en,2987536,24981163,1,2,1072.199130,100000,0,742.101785,100118,105775,21353806,0,-1,2021-08-19.08:48:07
ba-1m-8m,1000000,7999964,1,3,860.701860,100000,0,320.332985,21809,166418,1864948,354056,-1,2021-08-19.08:48:13
baidu,2141301,17794839,1,3,1591.021075,100000,0,256.662182,98495,132655,9978734,810702,-1,2021-08-19.08:48:45
dbpedia,3966925,13820853,1,3,1947.521297,100000,0,150.193379,101561,128576,1827975,1127297,-1,2021-08-19.08:49:05
er-1m-8m,1000000,8000000,1,3,1203.739426,100000,0,107.547272,39612,67402,668839,444445,-1,2021-08-19.08:49:17
livej,4847571,68993773,1,3,5623.128935,100000,0,483.549126,112079,157908,11083429,770646,-1,2021-08-19.08:50:32
patent,6009555,16518948,1,3,3961.286090,100000,0,265.735336,106143,181222,2391913,1012477,-1,2021-08-19.08:51:29
pokec,1632804,30622564,1,3,2212.864678,100000,0,263.218463,85731,145559,5930292,722540,-1,2021-08-19.08:52:01
rmat-1m-8m,999760,7810950,1,3,493.459758,100000,0,389.291408,99673,132876,28486281,637585,-1,2021-08-19.08:52:06
ssca2,1048577,157877986,1,3,2157.592194,100000,0,11068.624653,1589950,1681021,126075262,12053945,-1,2021-08-19.08:53:31
wiki-links,5710993,130160392,1,3,10053.521633,100000,0,5299.692339,182331,211574,55926391,753414,-1,2021-08-19.08:56:19
wikitalk,2394385,5021410,1,3,621.006706,100000,0,267.971297,99947,108660,12843615,1083012,-1,2021-08-19.08:56:24
wiki_talk_en,2987536,24981163,1,3,901.094106,100000,0,526.357535,101182,110676,25725831,937288,-1,2021-08-19.08:56:33
ba-1m-8m,1000000,7999964,1,2,763.319902,0,100000,485.759666,21891,0,153611,0,-1,2021-08-19.08:56:49
baidu,2141301,17794839,1,2,1623.936171,0,100000,434.042764,98581,0,5941040,0,-1,2021-08-19.08:57:22
dbpedia,3966925,13820853,1,2,2226.375424,0,100000,930.026125,101225,0,1028208,0,-1,2021-08-19.08:57:46
er-1m-8m,1000000,8000000,1,2,1007.400266,0,100000,508.594339,39767,0,438283,0,-1,2021-08-19.08:58:07
livej,4847571,68993773,1,2,5201.204042,0,100000,497.658217,114391,0,8594910,0,-1,2021-08-19.08:59:15
patent,6009555,16518948,1,2,3614.961552,0,100000,444.324760,106961,0,1494338,0,-1,2021-08-19.09:00:19
pokec,1632804,30622564,1,2,1945.019913,0,100000,416.492731,86680,0,3479679,0,-1,2021-08-19.09:00:53
rmat-1m-8m,999760,7810950,1,2,560.919117,0,100000,425.587845,100468,0,22833918,0,-1,2021-08-19.09:00:59
ssca2,1048577,157877986,1,2,1411.774234,0,100000,2040.392071,1590614,0,120276156,0,-1,2021-08-19.09:02:20
wiki-links,5710993,130160392,1,2,8957.303067,0,100000,1251.238478,187206,0,50699682,0,-1,2021-08-19.09:05:09
wikitalk,2394385,5021410,1,2,787.954741,0,100000,456.698315,100701,0,11127836,0,-1,2021-08-19.09:05:14
wiki_talk_en,2987536,24981163,1,2,1085.543574,0,100000,782.451251,100101,0,17154846,0,-1,2021-08-19.09:06:00
ba-1m-8m,1000000,7999964,1,3,951.629177,0,100000,3831.860622,22007,0,154315,22007,-1,2021-08-19.09:06:10
baidu,2141301,17794839,1,3,1588.030986,0,100000,391.535147,102979,0,10502787,102979,-1,2021-08-19.09:06:42
dbpedia,3966925,13820853,1,3,1937.279300,0,100000,804.836429,101487,0,1099076,101487,-1,2021-08-19.09:07:04
er-1m-8m,1000000,8000000,1,3,1166.883232,0,100000,52.107585,39482,0,435218,39482,-1,2021-08-19.09:07:15
livej,4847571,68993773,1,3,5215.571544,0,100000,69680.240333,113100,0,8115695,113100,-1,2021-08-19.09:09:29
patent,6009555,16518948,1,3,3821.341804,0,100000,99.706900,106356,0,1470725,106356,-1,2021-08-19.09:10:25
pokec,1632804,30622564,1,3,2353.305486,0,100000,148.032589,85958,0,3357920,85958,-1,2021-08-19.09:10:57
rmat-1m-8m,999760,7810950,1,3,501.062949,0,100000,475.370869,100799,0,23086205,100799,-1,2021-08-19.09:11:06
ssca2,1048577,157877986,1,3,2232.157127,0,100000,1239.995094,1597982,0,120958565,1597982,-1,2021-08-19.09:12:21
wiki-links,5710993,130160392,1,3,10076.904348,0,100000,1140.632907,183828,0,47434936,183828,-1,2021-08-19.09:15:07
wikitalk,2394385,5021410,1,3,641.576108,0,100000,2076.748669,99968,0,9362632,99968,-1,2021-08-19.09:15:13
wiki_talk_en,2987536,24981163,1,3,903.123075,0,100000,831.101523,100099,0,17218869,100099,-1,2021-08-19.09:15:32
ba-1m-8m,1000000,7999964,1,2,816.060733,100000,0,2653.589614,21879,112116,1859713,0,-1,2021-08-19.09:15:51
baidu,2141301,17794839,1,2,1618.832484,100000,0,428.717254,98608,119590,9792400,0,-1,2021-08-19.09:16:24
dbpedia,3966925,13820853,1,2,2193.637589,100000,0,634.496172,101385,117951,1668891,0,-1,2021-08-19.09:16:47
er-1m-8m,1000000,8000000,1,2,976.330147,100000,0,368.829656,40164,55728,671128,0,-1,2021-08-19.09:17:10
livej,4847571,68993773,1,2,5160.767544,100000,0,1086.194430,113507,141191,11146995,0,-1,2021-08-19.09:18:18
patent,6009555,16518948,1,2,3591.632903,100000,0,1058.994606,106821,157380,2444752,0,-1,2021-08-19.09:19:19
pokec,1632804,30622564,1,2,1950.975827,100000,0,602.700736,86320,125688,5955108,0,-1,2021-08-19.09:19:54
rmat-1m-8m,999760,7810950,1,2,531.948926,100000,0,419.762682,100406,120334,30517523,0,-1,2021-08-19.09:19:59
ssca2,1048577,157877986,1,2,1367.259279,100000,0,2406.347790,1598167,1657673,125728167,0,-1,2021-08-19.09:21:21
wiki-links,5710993,130160392,1,2,9212.844937,100000,0,1188.981458,185480,203719,57606807,0,-1,2021-08-19.09:24:21
wikitalk,2394385,5021410,1,2,748.518564,100000,0,560.344651,99880,104860,12597673,0,-1,2021-08-19.09:24:26
wiki_talk_en,2987536,24981163,1,2,1083.828138,100000,0,740.263708,101276,106815,25265093,0,-1,2021-08-19.09:24:53
ba-1m-8m,1000000,7999964,1,3,902.821681,100000,0,310.952747,21891,166431,1845471,352551,-1,2021-08-19.09:24:59
baidu,2141301,17794839,1,3,1655.158471,100000,0,268.746634,99016,134288,10318398,816660,-1,2021-08-19.09:25:32
